1,12,3918298,QB,16.0,20.66,12,100
1,12,3925357,WR,10.0,15.08,2,100
1,12,3116385,RB,24.0,14.03,22,100
1,12,3919596,RB,12.0,11.5,4,100
1,12,4036133,TE,25.0,10.68,8,100
1,12,3915511,QB,18.0,15.7,27,100
1,12,3128429,WR,2.0,11.11,13,100
1,12,3042778,WR,26.0,12.17,7,100
1,12,4241401,RB,0.0,0.0,29,100
1,12,4240657,RB,2.0,7.25,5,100
1,12,4035687,WR,5.0,10.84,9,100
1,12,-16002,D/ST,4.0,5.68,20,100
1,12,3124679,K,6.0,7.75,1,100
1,12,4361259,QB,18.0,14.54,10,100
1,16,3116593,RB,20.0,19.32,21,100
1,16,3128720,RB,21.0,13.71,20,100
1,16,16799,WR,9.0,13.77,25,100
1,16,4040715,QB,28.0,18.72,31,100
1,16,4360248,TE,7.0,10.16,32,100
1,16,4239993,WR,15.0,11.54,32,100
1,16,4046692,WR,9.0,11.59,1,100
1,16,4241463,WR,13.0,12.25,13,100
1,16,2979843,RB,11.0,9.14,8,100
1,16,13934,WR,23.0,10.47,0,100
1,16,15683,K,11.0,8.05,24,100
1,16,4372414,WR,1.0,9.76,7,100
1,16,-16017,D/ST,7.0,6.64,25,100
1,16,4241802,WR,16.0,9.14,27,100
1,11,16800,WR,10.0,19.56,14,100
1,11,3116406,WR,36.0,17.43,6,100
1,11,14881,QB,26.0,18.26,16,100
1,11,4035538,RB,18.0,14.16,10,100
1,11,16813,TE,12.0,10.26,31,100
1,11,2330,QB,27.0,21.09,7,100
1,11,3128721,RB,0.0,6.33,14,100
1,11,16790,WR,19.0,12.63,18,100
1,11,2976316,WR,0.0,0.0,16,100
1,11,-16023,D/ST,13.0,5.07,3,100
1,11,3054212,TE,9.0,8.33,17,100
1,11,3912550,RB,-1.0,7.4,3,100
1,11,4241372,WR,18.0,11.63,5,100
1,11,16339,K,9.0,7.77,27,100
1,17,3916387,QB,17.0,21.14,18,100
1,17,3042519,RB,3.0,14.04,1,100
1,17,12483,QB,24.0,16.09,19,100
1,17,4045163,RB,16.0,13.66,23,100
1,17,3932905,WR,14.0,12.41,1,100
1,17,4362628,WR,21.0,9.43,32,100
1,17,2975674,TE,2.0,8.2,7,100
1,17,4243160,WR,12.0,11.44,24,100
1,17,3121427,WR,0.0,0.0,4,100
1,17,2576434,RB,20.0,8.35,26,100
1,17,15349,WR,14.0,9.33,8,100
1,17,3045138,WR,22.0,10.51,28,100
1,17,4249087,K,12.0,8.37,21,100
1,17,-16011,D/ST,3.0,5.39,13,100
1,14,3917315,QB,33.0,21.25,21,100
1,14,2976212,WR,15.0,16.1,8,100
1,14,4242214,RB,9.0,12.46,17,100
1,14,4259545,RB,23.0,12.45,11,100
1,14,2976499,WR,38.0,13.89,22,100
1,14,3915416,WR,15.0,12.35,12,100
1,14,4360310,QB,19.0,15.99,24,100
1,14,4362887,QB,6.0,0.02,3,100
1,14,3116164,TE,0.0,7.67,1,100
1,14,3916148,RB,7.0,5.0,13,100
1,14,2980453,RB,24.0,7.59,11,100
1,14,4035004,WR,4.0,9.04,6,100
1,14,-16007,D/ST,7.0,7.66,30,100
1,14,10636,K,3.0,7.32,16,100
1,13,3929630,RB,3.0,12.95,11,100
1,13,3068267,RB,11.0,13.74,15,100
1,13,4047646,WR,14.0,15.5,29,100
1,13,2576925,TE,26.0,13.94,30,100
1,13,16460,WR,30.0,14.09,16,100
1,13,2974858,WR,10.0,11.88,10,100
1,13,16733,WR,0.0,0.0,15,100
1,13,16731,WR,18.0,12.22,26,100
1,13,3126486,WR,31.0,11.5,19,100
1,13,3115394,WR,17.0,11.35,24,100
1,13,2473037,K,4.0,7.98,2,100
1,13,16728,QB,19.0,14.16,8,100
1,13,2576623,WR,12.0,11.24,3,100
1,13,-16029,D/ST,11.0,6.89,26,100
1,4,3043078,RB,9.0,16.81,7,100
1,4,15795,WR,26.0,17.35,31,100
1,4,4038941,QB,13.0,16.61,32,100
1,4,3040151,TE,11.0,13.56,24,100
1,4,16737,WR,5.0,14.17,19,100
1,4,13982,WR,5.0,12.97,29,100
1,4,4039359,RB,15.0,12.03,14,100
1,4,3115364,RB,10.0,9.3,3,100
1,4,3121023,TE,14.0,9.35,12,100
1,4,14880,QB,22.0,14.9,13,100
1,4,-16033,D/ST,-1.0,5.86,17,100
1,4,11122,K,7.0,7.47,15,100
1,4,4241464,QB,15.0,13.56,6,100
1,4,14163,QB,23.0,16.19,25,100
1,8,3054850,RB,17.0,16.33,9,100
1,8,4241457,RB,5.0,14.03,6,100
1,8,8439,QB,1.0,18.7,5,100
1,8,2577327,WR,26.0,13.91,21,100
1,8,2977187,WR,23.0,13.16,15,100
1,8,2573401,TE,11.0,7.55,6,100
1,8,3025433,RB,9.0,12.89,24,100
1,8,4241478,WR,19.0,11.12,27,100
1,8,2576414,RB,2.0,12.35,29,100
1,8,2969939,QB,28.0,13.5,21,100
1,8,4040655,WR,7.0,9.22,25,100
1,8,-16014,D/ST,8.0,7.62,28,100
1,8,3917232,K,11.0,7.63,26,100
1,8,3912547,QB,19.0,15.26,28,100
1,1,15847,TE,25.0,17.13,18,100
1,1,4360294,RB,11.0,15.18,28,100
1,1,15818,WR,19.0,14.28,28,100
1,1,15880,WR,11.0,12.52,15,100
1,1,3119195,RB,14.0,11.83,2,100
1,1,3120348,WR,9.0,12.22,1,100
1,1,3059915,RB,16.0,10.5,20,100
1,1,3045144,WR,6.0,11.67,32,100
1,1,11237,QB,6.0,15.22,15,100
1,1,15072,WR,18.0,11.27,24,100
1,1,4239934,RB,2.0,7.38,1,100
1,1,16757,QB,23.0,14.84,29,100
1,1,12460,K,1.0,7.77,11,100
1,1,-16015,D/ST,5.0,6.94,14,100
1,3,3139477,QB,32.0,20.92,9,100
1,3,4047650,WR,16.0,15.55,21,100
1,3,4052042,RB,7.0,14.42,27,100
1,3,4047365,RB,16.0,12.6,8,100
1,3,3116365,TE,5.0,11.23,29,100
1,3,3052587,QB,11.0,16.53,30,100
1,3,2574808,WR,12.0,11.75,12,100
1,3,-16027,D/ST,-3.0,4.51,2,100
1,3,3052876,WR,0.0,0.0,3,100
1,3,3045147,RB,5.0,8.12,2,100
1,3,3049899,K,6.0,7.7,4,100
1,3,2508176,RB,11.0,6.7,18,100
1,3,2971618,WR,18.0,8.45,11,100
1,3,13229,TE,29.0,7.48,19,100
1,5,3117251,RB,26.0,20.33,32,100
1,5,2577417,QB,27.0,19.97,20,100
1,5,4262921,WR,12.0,15.0,16,100
1,5,14876,QB,13.0,17.85,11,100
1,5,3116165,WR,23.0,13.41,19,100
1,5,4360438,WR,0.0,12.64,19,100
1,5,3886818,RB,11.0,10.7,19,100
1,5,4383351,QB,4.0,2.13,26,100
1,5,3916430,RB,13.0,8.16,31,100
1,5,-16025,D/ST,7.0,6.71,21,100
1,5,14993,K,9.0,7.42,12,100
1,5,2991767,TE,5.0,7.08,20,100
1,5,3895827,RB,17.0,10.61,30,100
1,5,15920,RB,8.0,5.66,30,100
1,10,3051392,RB,5.0,14.02,13,100
1,10,4242335,RB,17.0,13.77,31,100
1,10,3121422,WR,10.0,14.67,4,100
1,10,4241389,WR,23.0,13.86,22,100
1,10,4361579,RB,5.0,8.16,26,100
1,10,4036131,TE,12.0,8.16,14,100
1,10,4241479,QB,16.0,15.04,2,100
1,10,3925347,RB,11.0,11.06,16,100
1,10,4036348,WR,7.0,12.48,22,100
1,10,3055899,K,10.0,8.82,16,100
1,10,4035676,RB,0.0,0.0,25,100
1,10,-16028,D/ST,1.0,5.98,6,100
1,10,4372016,WR,16.0,10.44,3,100
1,10,8664,QB,0.0,16.79,17,100
2,16,3116593,RB,16.0,18.53,7,100
2,16,3128720,RB,16.0,16.43,27,100
2,16,16799,WR,10.0,15.32,16,100
2,16,4040715,QB,21.0,18.36,21,100
2,16,4360248,TE,12.0,11.36,20,100
2,16,4239993,WR,16.0,12.67,15,100
2,16,4046692,WR,10.0,12.06,5,100
2,16,4241463,WR,0.0,0.0,26,100
2,16,2979843,RB,9.0,13.45,25,100
2,16,13934,WR,2.0,10.82,0,100
2,16,15683,K,7.0,8.41,3,100
2,16,4372414,WR,8.0,7.05,3,100
2,16,-16017,D/ST,16.0,6.91,26,100
2,16,4241802,WR,2.0,9.67,23,100
2,17,3916387,QB,31.0,21.1,30,100
2,17,3042519,RB,40.0,16.1,29,100
2,17,12483,QB,17.0,16.34,16,100
2,17,4045163,RB,6.0,13.78,11,100
2,17,3932905,WR,19.0,13.91,5,100
2,17,4362628,WR,13.0,12.87,15,100
2,17,2975674,TE,14.0,8.37,24,100
2,17,4243160,WR,2.0,11.19,10,100
2,17,3121427,WR,0.0,0.0,13,100
2,17,2576434,RB,8.0,11.74,18,100
2,17,15349,WR,7.0,11.43,11,100
2,17,3045138,WR,22.0,12.08,19,100
2,17,4249087,K,9.0,8.27,2,100
2,17,-16011,D/ST,10.0,5.23,12,100
2,13,3929630,RB,8.0,13.05,15,100
2,13,3068267,RB,22.0,17.22,3,100
2,13,4047646,WR,7.0,14.98,9,100
2,13,2576925,TE,11.0,16.24,10,100
2,13,16460,WR,15.0,14.22,29,100
2,13,2974858,WR,6.0,11.99,28,100
2,13,16733,WR,0.0,0.0,21,100
2,13,16731,WR,22.0,13.46,6,100
2,13,3126486,WR,15.0,13.12,2,100
2,13,3115394,WR,2.0,10.91,10,100
2,13,2473037,K,5.0,8.14,15,100
2,13,16728,QB,21.0,16.65,25,100
2,13,2576623,WR,9.0,12.49,1,100
2,13,-16018,D/ST,5.0,7.5,32,100
2,12,3918298,QB,16.0,21.95,6,100
2,12,3925357,WR,19.0,16.88,22,100
2,12,3116385,RB,7.0,14.75,14,100
2,12,3919596,RB,15.0,16.48,2,100
2,12,4036133,TE,20.0,10.61,22,100
2,12,3915511,QB,10.0,16.46,19,100
2,12,3128429,WR,24.0,13.11,26,100
2,12,3042778,WR,2.0,12.16,3,100
2,12,4241401,RB,0.0,2.57,24,100
2,12,4240657,RB,9.0,4.58,19,100
2,12,4035687,WR,20.0,9.6,25,100
2,12,-16002,D/ST,19.0,7.09,25,100
2,12,3124679,K,0.0,7.78,5,100
2,12,4040761,RB,16.0,11.57,16,100
2,8,3054850,RB,6.0,18.4,5,100
2,8,4241457,RB,18.0,17.83,30,100
2,8,8439,QB,26.0,19.64,26,100
2,8,2577327,WR,31.0,15.19,31,100
2,8,2977187,WR,37.0,13.89,21,100
2,8,2573401,TE,1.0,8.36,28,100
2,8,3025433,RB,12.0,12.07,13,100
2,8,4241478,WR,3.0,12.89,23,100
2,8,2969939,QB,7.0,15.42,10,100
2,8,4040655,WR,12.0,9.5,16,100
2,8,-16014,D/ST,6.0,6.91,10,100
2,8,3917232,K,4.0,7.7,24,100
2,8,3912547,QB,18.0,11.84,5,100
2,8,2978109,WR,14.0,8.92,25,100
2,11,16800,WR,20.0,17.67,19,100
2,11,3116406,WR,5.0,19.53,30,100
2,11,14881,QB,22.0,19.85,21,100
2,11,4035538,RB,10.0,15.56,21,100
2,11,16813,TE,9.0,10.0,14,100
2,11,2330,QB,29.0,20.32,31,100
2,11,16790,WR,1.0,12.39,24,100
2,11,2976316,WR,0.0,0.0,7,100
2,11,-16023,D/ST,-1.0,6.25,17,100
2,11,3054212,TE,6.0,8.04,26,100
2,11,3912550,RB,3.0,6.84,23,100
2,11,4241372,WR,23.0,10.65,18,100
2,11,16339,K,13.0,8.09,28,100
2,11,16913,RB,18.0,9.64,32,100
2,3,3139477,QB,23.0,23.4,29,100
2,3,4047650,WR,11.0,16.91,31,100
2,3,4052042,RB,8.0,11.87,11,100
2,3,4047365,RB,0.0,0.0,25,100
2,3,3116365,TE,10.0,11.07,15,100
2,3,3052587,QB,17.0,16.96,24,100
2,3,2574808,WR,6.0,12.26,14,100
2,3,-16027,D/ST,19.0,6.98,29,100
2,3,3052876,WR,0.0,0.0,1,100
2,3,3045147,RB,2.0,9.75,22,100
2,3,3049899,K,5.0,7.2,12,100
2,3,2508176,RB,6.0,6.66,17,100
2,3,2971618,WR,5.0,9.26,12,100
2,3,13229,TE,19.0,9.78,12,100
2,14,3917315,QB,33.0,20.36,27,100
2,14,2976212,WR,16.0,16.21,11,100
2,14,4242214,RB,2.0,12.95,8,100
2,14,4259545,RB,11.0,13.76,9,100
2,14,2976499,WR,5.0,14.44,4,100
2,14,3915416,WR,21.0,12.56,14,100
2,14,4360310,QB,6.0,14.0,4,100
2,14,4362887,QB,3.0,0.6,13,100
2,14,3116164,TE,7.0,7.03,2,100
2,14,3916148,RB,22.0,6.22,28,100
2,14,2980453,RB,6.0,8.75,9,100
2,14,4035004,WR,10.0,9.34,30,100
2,14,10636,K,5.0,7.11,32,100
2,14,-16009,D/ST,6.0,5.94,21,100
2,10,3051392,RB,17.0,15.28,28,100
2,10,4242335,RB,6.0,17.23,10,100
2,10,3121422,WR,27.0,14.18,13,100
2,10,4241389,WR,17.0,13.91,4,100
2,10,4361579,RB,8.0,10.63,18,100
2,10,4036131,TE,13.0,9.99,13,100
2,10,4241479,QB,0.0,15.96,1,100
2,10,3925347,RB,13.0,11.64,32,100
2,10,4036348,WR,0.0,0.0,4,100
2,10,3055899,K,5.0,8.55,6,100
2,10,4035676,RB,14.0,4.42,16,100
2,10,4372016,WR,8.0,11.67,1,100
2,10,2573079,QB,16.0,12.92,3,100
2,10,-16005,D/ST,5.0,7.3,24,100
2,4,3043078,RB,47.0,17.72,31,100
2,4,15795,WR,15.0,17.0,32,100
2,4,4038941,QB,14.0,20.64,7,100
2,4,3040151,TE,5.0,13.13,32,100
2,4,16737,WR,24.0,13.31,27,100
2,4,13982,WR,18.0,12.96,9,100
2,4,4039359,RB,16.0,13.72,4,100
2,4,3115364,RB,11.0,12.15,23,100
2,4,3121023,TE,4.0,9.42,8,100
2,4,14880,QB,24.0,14.98,11,100
2,4,11122,K,12.0,7.78,30,100
2,4,14163,QB,16.0,14.34,9,100
2,4,3916430,RB,2.0,9.91,10,100
2,4,-16022,D/ST,-2.0,5.51,6,100
2,5,3117251,RB,24.0,20.06,1,100
2,5,2577417,QB,7.0,19.22,17,100
2,5,4262921,WR,18.0,14.68,29,100
2,5,14876,QB,13.0,16.35,13,100
2,5,3116165,WR,16.0,13.7,27,100
2,5,4360438,WR,1.0,9.24,2,100
2,5,3886818,RB,8.0,10.07,6,100
2,5,4383351,QB,0.0,1.87,15,100
2,5,3895827,RB,10.0,9.66,20,100
2,5,15920,RB,9.0,5.95,20,100
2,5,4241555,RB,7.0,11.66,24,100
2,5,12537,TE,5.0,9.61,19,100
2,5,9354,K,6.0,7.3,4,100
2,5,-16007,D/ST,11.0,7.13,30,100
2,1,15847,TE,23.0,19.32,30,100
2,1,4360294,RB,8.0,16.54,26,100
2,1,15818,WR,14.0,16.01,19,100
2,1,15880,WR,11.0,13.44,21,100
2,1,3119195,RB,11.0,13.05,22,100
2,1,3120348,WR,16.0,12.78,5,100
2,1,3059915,RB,6.0,12.11,27,100
2,1,3045144,WR,14.0,11.1,15,100
2,1,11237,QB,16.0,15.82,20,100
2,1,15072,WR,17.0,12.57,10,100
2,1,4239934,RB,2.0,8.78,29,100
2,1,12460,K,22.0,7.12,20,100
2,1,5536,QB,13.0,16.72,18,100
2,1,-16004,D/ST,8.0,6.4,28,100
3,13,3929630,RB,21.0,16.38,23,100
3,13,3068267,RB,22.0,16.87,20,100
3,13,4047646,WR,0.0,14.57,21,100
3,13,2576925,TE,10.0,16.51,17,100
3,13,16460,WR,17.0,14.81,9,100
3,13,2974858,WR,10.0,11.24,27,100
3,13,16733,WR,13.0,11.57,22,100
3,13,16731,WR,20.0,13.87,7,100
3,13,3126486,WR,10.0,13.5,16,100
3,13,3115394,WR,13.0,12.29,29,100
3,13,2473037,K,6.0,7.37,30,100
3,13,16728,QB,11.0,16.81,28,100
3,13,2576623,WR,8.0,11.01,5,100
3,13,-16018,D/ST,19.0,6.83,14,100
3,16,3116593,RB,0.0,0.0,31,100
3,16,3128720,RB,8.0,15.61,14,100
3,16,16799,WR,4.0,14.95,6,100
3,16,4040715,QB,20.0,20.26,7,100
3,16,4360248,TE,5.0,10.06,14,100
3,16,4239993,WR,0.0,0.0,8,100
3,16,4046692,WR,18.0,13.45,16,100
3,16,4241463,WR,0.0,0.0,12,100
3,16,2979843,RB,8.0,13.07,16,100
3,16,13934,WR,0.0,0.0,0,100
3,16,15683,K,16.0,7.74,32,100
3,16,-16017,D/ST,5.0,6.69,19,100
3,16,4241802,WR,10.0,11.2,19,100
3,16,11237,QB,15.0,14.36,8,100
3,17,3916387,QB,18.0,22.7,26,100
3,17,3042519,RB,17.0,16.12,11,100
3,17,12483,QB,29.0,18.53,20,100
3,17,4045163,RB,7.0,12.75,3,100
3,17,3932905,WR,0.0,0.0,16,100
3,17,4362628,WR,22.0,14.4,8,100
3,17,2975674,TE,1.0,8.32,8,100
3,17,4243160,WR,8.0,10.09,29,100
3,17,3121427,WR,0.0,0.0,1,100
3,17,2576434,RB,15.0,9.51,32,100
3,17,15349,WR,20.0,9.89,28,100
3,17,3045138,WR,33.0,14.16,18,100
3,17,4249087,K,11.0,8.22,12,100
3,17,-16004,D/ST,11.0,5.05,20,100
3,8,3054850,RB,19.0,17.6,19,100
3,8,4241457,RB,28.0,16.6,21,100
3,8,8439,QB,19.0,18.26,21,100
3,8,2577327,WR,7.0,17.4,32,100
3,8,2977187,WR,30.0,18.0,22,100
3,8,2573401,TE,15.0,10.71,20,100
3,8,3025433,RB,11.0,12.37,26,100
3,8,4241478,WR,5.0,12.39,19,100
3,8,4040655,WR,1.0,10.88,6,100
3,8,-16014,D/ST,0.0,4.33,1,100
3,8,3917232,K,14.0,8.05,20,100
3,8,3912547,QB,25.0,15.36,24,100
3,8,-16029,D/ST,10.0,7.73,24,100
3,8,16757,QB,21.0,17.04,6,100
3,12,3918298,QB,36.0,20.84,32,100
3,12,3925357,WR,14.0,15.26,13,100
3,12,3116385,RB,10.0,16.61,25,100
3,12,3919596,RB,16.0,16.52,22,100
3,12,4036133,TE,3.0,14.12,30,100
3,12,3915511,QB,16.0,14.61,12,100
3,12,3128429,WR,8.0,13.57,12,100
3,12,3042778,WR,9.0,10.74,10,100
3,12,4240657,RB,4.0,7.3,11,100
3,12,4035687,WR,12.0,12.6,31,100
3,12,-16002,D/ST,9.0,7.27,27,100
3,12,4372485,WR,2.0,12.18,26,100
3,12,3051909,K,12.0,8.72,24,100
3,12,4241401,RB,11.0,11.11,9,100
3,3,3139477,QB,22.0,22.81,17,100
3,3,4047650,WR,22.0,17.26,32,100
3,3,4052042,RB,24.0,12.62,7,100
3,3,4047365,RB,0.0,0.0,16,100
3,3,3116365,TE,15.0,10.77,24,100
3,3,3052587,QB,16.0,15.41,19,100
3,3,2574808,WR,1.0,11.36,24,100
3,3,-16027,D/ST,-3.0,4.84,12,100
3,3,3052876,WR,7.0,10.53,5,100
3,3,3045147,RB,18.0,7.2,18,100
3,3,3049899,K,6.0,7.49,27,100
3,3,2508176,RB,1.0,6.58,5,100
3,3,2971618,WR,3.0,8.52,14,100
3,3,13229,TE,9.0,12.18,15,100
3,11,16800,WR,31.0,19.22,23,100
3,11,3116406,WR,9.0,17.74,4,100
3,11,14881,QB,15.0,20.84,27,100
3,11,4035538,RB,7.0,13.78,17,100
3,11,16813,TE,12.0,8.89,2,100
3,11,2330,QB,28.0,18.81,3,100
3,11,16790,WR,0.0,0.0,15,100
3,11,2976316,WR,0.0,0.0,3,100
3,11,-16023,D/ST,4.0,7.17,15,100
3,11,3054212,TE,1.0,7.85,7,100
3,11,4241372,WR,8.0,14.14,19,100
3,11,16339,K,16.0,8.16,31,100
3,11,16913,RB,0.0,10.09,1,100
3,11,15807,RB,16.0,10.42,26,100
3,10,3051392,RB,26.0,14.9,24,100
3,10,4242335,RB,7.0,16.45,2,100
3,10,3121422,WR,10.0,14.67,1,100
3,10,4241389,WR,9.0,16.12,2,100
3,10,4361579,RB,12.0,7.86,32,100
3,10,4036131,TE,3.0,10.23,26,100
3,10,4241479,QB,0.0,0.0,18,100
3,10,3925347,RB,3.0,12.18,1,100
3,10,3055899,K,6.0,8.91,29,100
3,10,4035676,RB,18.0,4.86,15,100
3,10,4372016,WR,17.0,11.01,5,100
3,10,-16005,D/ST,18.0,7.11,28,100
3,10,3046779,QB,8.0,15.47,29,100
3,10,2578570,QB,19.0,16.3,18,100
3,14,3917315,QB,17.0,24.37,25,100
3,14,2976212,WR,12.0,17.48,28,100
3,14,4242214,RB,16.0,13.04,28,100
3,14,4259545,RB,23.0,14.11,8,100
3,14,2976499,WR,5.0,15.97,2,100
3,14,3915416,WR,20.0,14.9,24,100
3,14,4360310,QB,6.0,16.41,11,100
3,14,4362887,QB,3.0,16.63,9,100
3,14,3916148,RB,7.0,7.96,24,100
3,14,2980453,RB,14.0,8.05,8,100
3,14,4035004,WR,12.0,9.55,4,100
3,14,10636,K,16.0,6.65,6,100
3,14,-16010,D/ST,5.0,6.06,10,100
3,14,16504,TE,2.0,6.23,5,100
3,5,3117251,RB,5.0,24.81,27,100
3,5,2577417,QB,19.0,18.83,15,100
3,5,4262921,WR,26.0,15.18,9,100
3,5,14876,QB,20.0,16.05,16,100
3,5,3116165,WR,19.0,13.96,25,100
3,5,4360438,WR,13.0,7.34,16,100
3,5,3886818,RB,9.0,10.39,30,100
3,5,4383351,QB,6.0,1.93,21,100
3,5,3895827,RB,2.0,11.58,29,100
3,5,15920,RB,2.0,5.83,29,100
3,5,4241555,RB,0.0,0.0,9,100
3,5,12537,TE,4.0,9.44,15,100
3,5,9354,K,4.0,7.74,6,100
3,5,-16007,D/ST,17.0,7.87,26,100
3,4,3043078,RB,19.0,19.79,4,100
3,4,15795,WR,5.0,16.39,26,100
3,4,4038941,QB,30.0,19.06,30,100
3,4,3040151,TE,16.0,13.01,22,100
3,4,16737,WR,18.0,13.97,25,100
3,4,13982,WR,7.0,12.98,21,100
3,4,4039359,RB,0.0,0.0,13,100
3,4,3115364,RB,5.0,12.66,10,100
3,4,3121023,TE,8.0,7.79,19,100
3,4,14880,QB,24.0,16.63,13,100
3,4,11122,K,6.0,7.44,28,100
3,4,14163,QB,0.0,0.0,10,100
3,4,-16022,D/ST,16.0,7.23,30,100
3,4,2976592,WR,3.0,12.67,27,100
3,1,15847,TE,17.0,17.39,31,100
3,1,4360294,RB,17.0,13.86,6,100
3,1,15818,WR,19.0,15.7,18,100
3,1,15880,WR,6.0,14.28,22,100
3,1,3119195,RB,13.0,13.36,18,100
3,1,3120348,WR,5.0,14.1,16,100
3,1,3059915,RB,27.0,9.43,14,100
3,1,3045144,WR,13.0,13.11,8,100
3,1,15072,WR,12.0,13.73,29,100
3,1,4239934,RB,3.0,4.55,11,100
3,1,12460,K,6.0,8.44,13,100
3,1,5536,QB,12.0,16.51,13,100
3,1,3917792,QB,15.0,18.45,31,100
3,1,-16013,D/ST,4.0,6.71,25,100
4,16,3116593,RB,6.0,19.97,17,100
4,16,3128720,RB,11.0,15.38,22,100
4,16,16799,WR,9.0,13.31,19,100
4,16,4040715,QB,27.0,21.26,30,100
4,16,4360248,TE,9.0,9.45,21,100
4,16,4239993,WR,0.0,0.0,26,100
4,16,4046692,WR,0.0,0.0,16,100
4,16,4241463,WR,0.0,0.0,30,100
4,16,2979843,RB,0.0,9.32,28,100
4,16,13934,WR,13.0,10.41,0,100
4,16,15683,K,13.0,7.96,11,100
4,16,-16017,D/ST,0.0,3.9,1,100
4,16,4241802,WR,2.0,10.99,18,100
4,16,11237,QB,28.0,15.76,32,100
4,8,3054850,RB,12.0,19.81,26,100
4,8,4241457,RB,20.0,16.6,9,100
4,8,8439,QB,23.0,18.68,12,100
4,8,2577327,WR,6.0,15.99,23,100
4,8,2977187,WR,11.0,18.73,29,100
4,8,2573401,TE,7.0,8.62,2,100
4,8,3025433,RB,10.0,12.74,15,100
4,8,4241478,WR,19.0,12.76,18,100
4,8,-16014,D/ST,-5.0,4.71,8,100
4,8,3917232,K,16.0,7.65,19,100
4,8,3912547,QB,31.0,14.41,7,100
4,8,16757,QB,13.0,16.53,17,100
4,8,-16011,D/ST,10.0,6.02,25,100
4,8,3916430,RB,0.0,10.39,16,100
4,3,3139477,QB,31.0,22.91,15,100
4,3,4047650,WR,16.0,17.97,23,100
4,3,4052042,RB,20.0,13.71,21,100
4,3,4047365,RB,10.0,12.52,28,100
4,3,3116365,TE,11.0,10.33,4,100
4,3,3052587,QB,9.0,15.76,27,100
4,3,2574808,WR,9.0,10.67,19,100
4,3,-16027,D/ST,11.0,6.79,14,100
4,3,3052876,WR,1.0,9.97,21,100
4,3,3045147,RB,20.0,5.84,10,100
4,3,3049899,K,6.0,7.44,20,100
4,3,2508176,RB,7.0,4.69,6,100
4,3,2971618,WR,8.0,8.71,22,100
4,3,13229,TE,0.0,0.0,1,100
4,13,3929630,RB,29.0,15.0,1,100
4,13,3068267,RB,28.0,17.32,30,100
4,13,4047646,WR,0.0,0.0,12,100
4,13,2576925,TE,15.0,16.07,31,100
4,13,16460,WR,7.0,14.08,6,100
4,13,2974858,WR,17.0,12.02,14,100
4,13,16733,WR,4.0,12.97,29,100
4,13,16731,WR,9.0,15.17,1,100
4,13,3126486,WR,35.0,15.25,9,100
4,13,3115394,WR,0.0,11.16,16,100
4,13,2473037,K,4.0,7.27,6,100
4,13,16728,QB,6.0,15.81,29,100
4,13,2576623,WR,17.0,10.23,21,100
4,13,-16018,D/ST,-3.0,7.36,30,100
4,10,3051392,RB,20.0,14.96,5,100
4,10,4242335,RB,20.0,15.36,16,100
4,10,3121422,WR,30.0,14.01,27,100
4,10,4241389,WR,3.0,14.52,7,100
4,10,4361579,RB,8.0,9.52,8,100
4,10,4036131,TE,16.0,9.53,30,100
4,10,4241479,QB,0.0,0.0,16,100
4,10,3925347,RB,5.0,9.52,13,100
4,10,3055899,K,6.0,7.93,4,100
4,10,4035676,RB,12.0,9.6,27,100
4,10,4372016,WR,6.0,10.99,21,100
4,10,2578570,QB,13.0,14.88,16,100
4,10,-16015,D/ST,4.0,6.52,10,100
4,10,16760,QB,8.0,15.21,13,100
4,17,3916387,QB,18.0,18.45,4,100
4,17,3042519,RB,10.0,16.85,25,100
4,17,12483,QB,19.0,17.78,11,100
4,17,4045163,RB,7.0,12.91,20,100
4,17,3932905,WR,24.0,14.77,16,100
4,17,4362628,WR,13.0,14.24,26,100
4,17,4243160,WR,16.0,9.85,16,100
4,17,3121427,WR,5.0,8.32,27,100
4,17,2576434,RB,8.0,10.64,8,100
4,17,15349,WR,3.0,12.05,24,100
4,17,3045138,WR,2.0,16.37,5,100
4,17,4249087,K,8.0,8.36,10,100
4,17,-16004,D/ST,1.0,7.94,30,100
4,17,3116164,TE,16.0,7.23,28,100
4,5,3117251,RB,0.0,0.0,3,100
4,5,2577417,QB,26.0,17.96,10,100
4,5,4262921,WR,20.0,16.19,6,100
4,5,14876,QB,17.0,14.69,28,100
4,5,3116165,WR,8.0,14.25,3,100
4,5,4360438,WR,2.0,9.86,9,100
4,5,3886818,RB,0.0,11.62,4,100
4,5,4383351,QB,20.0,1.47,13,100
4,5,3895827,RB,0.0,0.0,11,100
4,5,4241555,RB,0.0,0.0,31,100
4,5,9354,K,0.0,7.88,14,100
4,5,-16007,D/ST,0.0,6.41,22,100
4,5,3915486,TE,5.0,7.94,18,100
4,5,16002,RB,8.0,8.46,31,100
4,12,3918298,QB,19.0,23.25,24,100
4,12,3925357,WR,15.0,15.77,28,100
4,12,3116385,RB,13.0,18.45,18,100
4,12,3919596,RB,4.0,13.77,11,100
4,12,4036133,TE,8.0,11.69,6,100
4,12,3915511,QB,21.0,16.98,25,100
4,12,3128429,WR,7.0,13.7,30,100
4,12,3042778,WR,21.0,12.73,31,100
4,12,4240657,RB,10.0,10.59,2,100
4,12,4035687,WR,11.0,12.66,11,100
4,12,-16002,D/ST,21.0,7.65,24,100
4,12,4372485,WR,5.0,9.23,25,100
4,12,3051909,K,1.0,8.08,29,100
4,12,4241401,RB,8.0,13.17,31,100
4,1,15847,TE,6.0,17.47,32,100
4,1,4360294,RB,15.0,14.41,23,100
4,1,15818,WR,10.0,16.87,5,100
4,1,15880,WR,14.0,12.4,29,100
4,1,3119195,RB,17.0,13.82,10,100
4,1,3120348,WR,3.0,13.96,16,100
4,1,3059915,RB,15.0,11.31,22,100
4,1,3045144,WR,20.0,13.79,26,100
4,1,15072,WR,5.0,13.87,16,100
4,1,4239934,RB,10.0,4.35,25,100
4,1,5536,QB,9.0,16.03,21,100
4,1,14993,K,6.0,8.17,22,100
4,1,-16008,D/ST,2.0,6.05,28,100
4,1,4362887,QB,6.0,16.21,26,100
4,11,16800,WR,12.0,19.5,8,100
4,11,3116406,WR,47.0,16.43,2,100
4,11,14881,QB,21.0,20.37,21,100
4,11,4035538,RB,22.0,15.07,29,100
4,11,16813,TE,0.0,8.58,12,100
4,11,2330,QB,10.0,19.7,2,100
4,11,16790,WR,0.0,0.0,32,100
4,11,2976316,WR,0.0,0.0,13,100
4,11,3054212,TE,10.0,7.63,20,100
4,11,4241372,WR,19.0,11.99,10,100
4,11,16339,K,1.0,8.68,6,100
4,11,15807,RB,34.0,11.43,15,100
4,11,3895856,WR,1.0,9.39,25,100
4,11,-16006,D/ST,7.0,6.6,32,100
4,4,3043078,RB,25.0,20.08,32,100
4,4,15795,WR,10.0,15.56,25,100
4,4,4038941,QB,20.0,19.54,18,100
4,4,3040151,TE,8.0,13.48,25,100
4,4,16737,WR,14.0,13.93,3,100
4,4,13982,WR,0.0,0.0,12,100
4,4,4039359,RB,15.0,13.67,7,100
4,4,3115364,RB,16.0,12.6,19,100
4,4,3121023,TE,16.0,7.86,15,100
4,4,14880,QB,10.0,17.23,9,100
4,4,11122,K,15.0,7.42,23,100
4,4,2976592,WR,0.0,0.0,14,100
4,4,4241416,RB,8.0,13.0,3,100
4,4,-16003,D/ST,8.0,6.05,21,100
4,14,3917315,QB,21.0,21.21,3,100
4,14,2976212,WR,18.0,16.74,24,100
4,14,4242214,RB,19.0,12.86,24,100
4,14,4259545,RB,8.0,15.37,14,100
4,14,2976499,WR,15.0,14.34,7,100
4,14,3915416,WR,31.0,16.23,19,100
4,14,4360310,QB,17.0,14.9,13,100
4,14,3916148,RB,6.0,7.55,5,100
4,14,2980453,RB,6.0,9.12,14,100
4,14,4035004,WR,5.0,9.74,2,100
4,14,10636,K,9.0,7.7,26,100
4,14,-16010,D/ST,2.0,7.07,26,100
4,14,3930086,TE,20.0,6.43,23,100
4,14,2565969,QB,27.0,16.32,31,100
5,3,3139477,QB,18.0,20.6,1,100
5,3,4047650,WR,26.0,18.18,25,100
5,3,4052042,RB,21.0,15.03,2,100
5,3,4047365,RB,15.0,14.11,14,100
5,3,3116365,TE,41.0,11.33,28,100
5,3,3052587,QB,22.0,14.01,17,100
5,3,2574808,WR,5.0,11.11,2,100
5,3,-16027,D/ST,8.0,7.31,25,100
5,3,3052876,WR,0.0,0.0,22,100
5,3,3045147,RB,9.0,11.3,11,100
5,3,3049899,K,11.0,7.36,31,100
5,3,2508176,RB,9.0,6.5,19,100
5,3,2971618,WR,6.0,7.46,24,100
5,3,13229,TE,0.0,0.0,17,100
5,16,3116593,RB,0.0,0.0,29,100
5,16,3128720,RB,23.0,14.6,28,100
5,16,16799,WR,7.0,12.69,5,100
5,16,4040715,QB,22.0,17.69,10,100
5,16,4360248,TE,26.0,10.27,26,100
5,16,4239993,WR,10.0,13.62,16,100
5,16,4046692,WR,24.0,11.95,10,100
5,16,4241463,WR,0.0,0.0,8,100
5,16,2979843,RB,1.0,8.38,14,100
5,16,13934,WR,31.0,12.93,0,100
5,16,15683,K,3.0,9.12,2,100
5,16,-16017,D/ST,4.0,7.57,24,100
5,16,4241802,WR,5.0,9.21,7,100
5,16,11237,QB,21.0,15.44,28,100
5,8,3054850,RB,29.0,20.62,15,100
5,8,4241457,RB,22.0,15.73,11,100
5,8,8439,QB,19.0,17.84,13,100
5,8,2577327,WR,10.0,15.77,25,100
5,8,2977187,WR,16.0,23.15,9,100
5,8,2573401,TE,9.0,10.51,25,100
5,8,3025433,RB,11.0,10.95,32,100
5,8,4241478,WR,14.0,12.45,7,100
5,8,-16014,D/ST,6.0,4.36,13,100
5,8,3917232,K,8.0,8.2,3,100
5,8,3912547,QB,6.0,18.12,15,100
5,8,16757,QB,7.0,16.58,19,100
5,8,3916430,RB,1.0,7.86,8,100
5,8,-16033,D/ST,0.0,6.47,10,100
5,10,3051392,RB,25.0,16.71,26,100
5,10,4242335,RB,31.0,12.79,8,100
5,10,3121422,WR,8.0,16.66,14,100
5,10,4241389,WR,18.0,14.2,13,100
5,10,4361579,RB,11.0,9.03,25,100
5,10,4036131,TE,5.0,10.99,10,100
5,10,4241479,QB,0.0,0.0,20,100
5,10,3925347,RB,9.0,10.71,27,100
5,10,3055899,K,10.0,8.6,5,100
5,10,4035676,RB,11.0,10.52,20,100
5,10,4372016,WR,5.0,13.1,22,100
5,10,2578570,QB,15.0,15.72,20,100
5,10,3917792,QB,3.0,19.04,7,100
5,10,-16013,D/ST,4.0,7.41,28,100
5,13,3929630,RB,0.0,16.04,3,100
5,13,3068267,RB,32.0,16.03,17,100
5,13,4047646,WR,6.0,15.04,26,100
5,13,2576925,TE,8.0,15.78,6,100
5,13,16460,WR,6.0,14.28,19,100
5,13,2974858,WR,0.0,11.71,19,100
5,13,16733,WR,4.0,12.32,9,100
5,13,16731,WR,5.0,15.74,3,100
5,13,3126486,WR,15.0,16.18,29,100
5,13,2473037,K,4.0,7.1,23,100
5,13,16728,QB,18.0,14.67,12,100
5,13,2576623,WR,0.0,0.0,22,100
5,13,-16018,D/ST,5.0,5.73,27,100
5,13,4241464,QB,11.0,15.33,24,100
5,5,3117251,RB,0.0,0.0,24,100
5,5,2577417,QB,20.0,20.12,8,100
5,5,4262921,WR,19.0,16.26,19,100
5,5,14876,QB,13.0,17.66,25,100
5,5,3116165,WR,14.0,14.22,11,100
5,5,4360438,WR,5.0,7.76,29,100
5,5,3886818,RB,31.0,7.12,13,100
5,5,4383351,QB,13.0,17.58,11,100
5,5,4241555,RB,7.0,9.48,7,100
5,5,-16007,D/ST,2.0,7.17,20,100
5,5,3117256,TE,13.0,8.59,14,100
5,5,3915165,K,5.0,7.58,6,100
5,5,3916433,WR,9.0,13.32,24,100
5,5,3116389,RB,17.0,6.09,9,100
5,17,3916387,QB,41.0,21.8,16,100
5,17,3042519,RB,14.0,15.46,21,100
5,17,12483,QB,16.0,21.57,13,100
5,17,4045163,RB,9.0,10.55,5,100
5,17,3932905,WR,15.0,15.83,10,100
5,17,4362628,WR,27.0,13.8,16,100
5,17,4243160,WR,6.0,10.44,31,100
5,17,3121427,WR,0.0,7.91,14,100
5,17,2576434,RB,5.0,10.69,25,100
5,17,15349,WR,1.0,11.89,18,100
5,17,3045138,WR,36.0,14.44,6,100
5,17,4249087,K,8.0,8.18,14,100
5,17,-16004,D/ST,-1.0,4.97,4,100
5,17,3116164,TE,8.0,9.71,20,100
5,1,15847,TE,17.0,17.24,2,100
5,1,4360294,RB,21.0,11.83,1,100
5,1,15818,WR,13.0,16.26,6,100
5,1,15880,WR,27.0,11.95,9,100
5,1,3119195,RB,3.0,13.45,11,100
5,1,3120348,WR,0.0,11.26,10,100
5,1,3059915,RB,25.0,12.15,28,100
5,1,3045144,WR,6.0,11.8,16,100
5,1,15072,WR,3.0,13.9,31,100
5,1,4239934,RB,17.0,4.51,21,100
5,1,5536,QB,16.0,12.01,4,100
5,1,14993,K,14.0,8.19,27,100
5,1,4362887,QB,8.0,13.92,18,100
5,1,-16001,D/ST,6.0,7.03,26,100
5,12,3918298,QB,35.0,25.76,30,100
5,12,3925357,WR,0.0,0.0,12,100
5,12,3116385,RB,10.0,12.84,9,100
5,12,3919596,RB,0.0,0.0,10,100
5,12,4036133,TE,4.0,12.24,9,100
5,12,3915511,QB,18.0,16.92,21,100
5,12,3128429,WR,25.0,12.07,8,100
5,12,3042778,WR,8.0,11.06,27,100
5,12,4035687,WR,20.0,13.39,30,100
5,12,-16002,D/ST,15.0,4.08,4,100
5,12,3051909,K,3.0,8.35,21,100
5,12,17359,RB,16.0,14.05,30,100
5,12,-16023,D/ST,3.0,6.11,23,100
5,12,3046409,RB,8.0,12.38,10,100
5,4,3043078,RB,31.0,20.19,18,100
5,4,15795,WR,20.0,14.42,23,100
5,4,4038941,QB,41.0,18.85,9,100
5,4,3040151,TE,0.0,0.0,2,100
5,4,16737,WR,29.0,16.06,11,100
5,4,13982,WR,0.0,0.0,26,100
5,4,4039359,RB,16.0,15.21,31,100
5,4,3115364,RB,20.0,13.16,16,100
5,4,3121023,TE,4.0,7.4,11,100
5,4,14880,QB,13.0,18.18,26,100
5,4,11122,K,4.0,8.18,6,100
5,4,2976592,WR,0.0,0.0,19,100
5,4,15920,RB,4.0,9.16,4,100
5,4,-16016,D/ST,11.0,5.28,21,100
5,11,16800,WR,37.0,21.46,16,100
5,11,3116406,WR,14.0,18.37,1,100
5,11,14881,QB,9.0,20.97,3,100
5,11,4035538,RB,0.0,0.0,30,100
5,11,2330,QB,37.0,22.69,6,100
5,11,16790,WR,0.0,0.0,4,100
5,11,2976316,WR,0.0,0.0,28,100
5,11,3054212,TE,4.0,7.82,23,100
5,11,4241372,WR,33.0,12.83,21,100
5,11,16339,K,7.0,7.63,26,100
5,11,15807,RB,18.0,12.43,32,100
5,11,-16006,D/ST,9.0,5.67,30,100
5,11,12537,TE,3.0,9.77,18,100
5,11,4241416,RB,18.0,12.95,24,100
5,14,3917315,QB,13.0,22.38,21,100
5,14,2976212,WR,8.0,18.32,18,100
5,14,4242214,RB,3.0,9.98,6,100
5,14,4259545,RB,22.0,15.77,22,100
5,14,2976499,WR,15.0,14.19,13,100
5,14,3915416,WR,9.0,17.25,2,100
5,14,4360310,QB,20.0,15.96,21,100
5,14,3916148,RB,13.0,8.89,26,100
5,14,2980453,RB,7.0,9.12,22,100
5,14,4035004,WR,16.0,5.88,1,100
5,14,10636,K,12.0,8.03,9,100
5,14,3930086,TE,20.0,9.12,15,100
5,14,2565969,QB,9.0,14.7,5,100
5,14,-16029,D/ST,10.0,6.15,9,100
6,16,3116593,RB,22.0,16.99,5,100
6,16,3128720,RB,0.0,0.0,7,100
6,16,16799,WR,9.0,11.29,16,100
6,16,4040715,QB,24.0,20.38,20,100
6,16,4360248,TE,0,0.0,0,100
6,16,4239993,WR,7.0,12.56,19,100
6,16,4046692,WR,3.0,13.33,9,100
6,16,13934,WR,24.0,13.13,0,100
6,16,15683,K,12.0,9.05,29,100
6,16,4241802,WR,0.0,9.43,22,100
6,16,11237,QB,0,0.0,0,100
6,16,3051806,TE,15.0,7.94,15,100
6,16,-16029,D/ST,2.0,5.57,6,100
6,16,4040761,RB,8.0,7.99,2,100
6,10,3051392,RB,18.0,15.23,19,100
6,10,4242335,RB,28.0,15.61,27,100
6,10,3121422,WR,6.0,17.9,18,100
6,10,4241389,WR,35.0,13.77,3,100
6,10,4361579,RB,9.0,9.44,30,100
6,10,4036131,TE,24.0,9.87,29,100
6,10,4241479,QB,21.0,16.58,25,100
6,10,3925347,RB,17.0,7.18,3,100
6,10,3055899,K,9.0,7.0,20,100
6,10,4035676,RB,5.0,10.7,2,100
6,10,4372016,WR,29.0,11.42,26,100
6,10,2578570,QB,1.0,0.26,25,100
6,10,2573079,QB,16.0,16.11,24,100
6,10,-16009,D/ST,9.0,6.09,28,100
6,5,3117251,RB,0.0,0.0,22,100
6,5,2577417,QB,26.0,17.96,2,100
6,5,4262921,WR,14.0,15.29,7,100
6,5,14876,QB,12.0,14.85,1,100
6,5,3116165,WR,9.0,14.24,2,100
6,5,3886818,RB,2.0,11.18,18,100
6,5,4383351,QB,0,0.0,0,100
6,5,4241555,RB,0,0.0,0,100
6,5,-16007,D/ST,-2.0,5.53,17,100
6,5,3117256,TE,12.0,10.72,1,100
6,5,3916433,WR,11.0,14.51,19,100
6,5,4240600,WR,6.0,13.2,25,100
6,5,2572861,RB,18.0,7.23,20,100
6,5,15091,K,11.0,8.39,5,100
6,3,3139477,QB,22.0,25.38,32,100
6,3,4047650,WR,11.0,16.83,8,100
6,3,4052042,RB,18.0,15.02,16,100
6,3,4047365,RB,14.0,13.83,11,100
6,3,3116365,TE,17.0,13.99,31,100
6,3,3052587,QB,11.0,13.97,11,100
6,3,2574808,WR,10.0,10.43,32,100
6,3,-16027,D/ST,6.0,5.82,9,100
6,3,3052876,WR,0.0,0.0,26,100
6,3,3045147,RB,8.0,9.16,17,100
6,3,2508176,RB,0.0,7.29,4,100
6,3,2971618,WR,3.0,7.11,19,100
6,3,13229,TE,0.0,0.0,32,100
6,3,12460,K,3.0,9.25,23,100
6,1,15847,TE,17.0,18.41,21,100
6,1,4360294,RB,4.0,14.84,20,100
6,1,15818,WR,10.0,17.07,30,100
6,1,15880,WR,11.0,14.05,13,100
6,1,3119195,RB,7.0,13.95,17,100
6,1,3120348,WR,0.0,0.0,9,100
6,1,3059915,RB,10.0,21.08,7,100
6,1,3045144,WR,1.0,10.03,19,100
6,1,15072,WR,23.0,11.4,11,100
6,1,4239934,RB,5.0,7.19,14,100
6,1,5536,QB,11.0,14.72,13,100
6,1,14993,K,12.0,8.5,1,100
6,1,-16030,D/ST,-1.0,6.01,25,100
6,1,3917792,QB,3.0,17.55,3,100
6,8,3054850,RB,0,0.0,0,100
6,8,4241457,RB,24.0,21.15,31,100
6,8,8439,QB,22.0,17.25,19,100
6,8,2577327,WR,5.0,15.27,8,100
6,8,2977187,WR,34.0,21.75,13,100
6,8,2573401,TE,8.0,8.97,14,100
6,8,3025433,RB,0,0.0,0,100
6,8,4241478,WR,5.0,14.22,22,100
6,8,-16014,D/ST,17.0,4.59,30,100
6,8,3917232,K,13.0,8.02,15,100
6,8,3912547,QB,14.0,15.29,27,100
6,8,16757,QB,21.0,14.71,4,100
6,8,3916430,RB,2.0,7.21,27,100
6,8,3115375,RB,23.0,11.5,15,100
6,4,3043078,RB,35.0,16.79,6,100
6,4,15795,WR,20.0,15.85,6,100
6,4,4038941,QB,10.0,23.56,29,100
6,4,3040151,TE,0,0.0,0,100
6,4,16737,WR,4.0,16.29,2,100
6,4,13982,WR,8.0,12.06,1,100
6,4,4039359,RB,23.0,15.03,26,100
6,4,3115364,RB,30.0,13.31,24,100
6,4,14880,QB,27.0,14.64,10,100
6,4,2976592,WR,17.0,13.57,25,100
6,4,15920,RB,13.0,7.68,28,100
6,4,-16016,D/ST,9.0,6.04,32,100
6,4,3046439,TE,10.0,9.22,19,100
6,4,10621,K,3.0,9.28,18,100
6,13,3929630,RB,0.0,0.0,10,100
6,13,3068267,RB,8.0,19.58,8,100
6,13,4047646,WR,16.0,13.91,1,100
6,13,2576925,TE,10.0,15.19,4,100
6,13,16460,WR,29.0,13.95,7,100
6,13,2974858,WR,0.0,0.0,25,100
6,13,16733,WR,12.0,12.15,13,100
6,13,16731,WR,17.0,15.12,21,100
6,13,3126486,WR,0,0.0,0,100
6,13,2473037,K,10.0,6.39,26,100
6,13,16728,QB,17.0,16.11,18,100
6,13,2576623,WR,0.0,0.0,26,100
6,13,4241464,QB,15.0,13.52,7,100
6,13,-16017,D/ST,-4.0,3.47,2,100
6,14,3917315,QB,25.0,21.91,9,100
6,14,2976212,WR,23.0,16.4,31,100
6,14,4242214,RB,0.0,0.0,15,100
6,14,4259545,RB,17.0,16.11,21,100
6,14,2976499,WR,10.0,13.7,3,100
6,14,3915416,WR,10.0,16.64,32,100
6,14,4360310,QB,15.0,16.93,6,100
6,14,3916148,RB,9.0,8.81,19,100
6,14,2980453,RB,2.0,8.67,21,100
6,14,10636,K,6.0,7.98,21,100
6,14,3930086,TE,7.0,10.76,5,100
6,14,2565969,QB,9.0,18.78,30,100
6,14,3122866,RB,10.0,13.51,10,100
6,14,-16011,D/ST,11.0,6.69,24,100
6,17,3916387,QB,11.0,22.46,17,100
6,17,3042519,RB,20.0,15.26,14,100
6,17,12483,QB,25.0,21.01,8,100
6,17,4045163,RB,8.0,10.78,13,100
6,17,3932905,WR,18.0,15.67,9,100
6,17,4362628,WR,13.0,15.09,19,100
6,17,4243160,WR,11.0,9.87,11,100
6,17,3121427,WR,0.0,0.0,18,100
6,17,2576434,RB,10.0,10.49,30,100
6,17,15349,WR,21.0,10.27,31,100
6,17,3045138,WR,4.0,18.52,30,100
6,17,4249087,K,8.0,8.5,27,100
6,17,3116164,TE,19.0,10.96,13,100
6,17,-16023,D/ST,7.0,6.56,13,100
6,11,16800,WR,12.0,20.98,15,100
6,11,3116406,WR,22.0,20.9,28,100
6,11,14881,QB,0.0,0.0,12,100
6,11,4035538,RB,0.0,0.0,9,100
6,11,2330,QB,17.0,22.62,15,100
6,11,2976316,WR,0,0.0,0,100
6,11,3054212,TE,1.0,7.43,19,100
6,11,4241372,WR,7.0,13.51,4,100
6,11,16339,K,6.0,8.33,24,100
6,11,15807,RB,0,0.0,0,100
6,11,-16006,D/ST,13.0,7.14,14,100
6,11,12537,TE,12.0,8.81,30,100
6,11,4048244,RB,1.0,2.59,5,100
6,11,4035886,RB,18.0,12.65,9,100
6,12,3918298,QB,28.0,24.22,21,100
6,12,3925357,WR,0,0.0,0,100
6,12,3116385,RB,25.0,16.68,29,100
6,12,3919596,RB,0.0,0.0,25,100
6,12,4036133,TE,15.0,10.25,26,100
6,12,3915511,QB,22.0,17.57,26,100
6,12,3128429,WR,23.0,12.76,5,100
6,12,3042778,WR,0,0.0,0,100
6,12,4035687,WR,5.0,13.17,24,100
6,12,-16002,D/ST,0.0,6.62,16,100
6,12,3051909,K,11.0,7.42,11,100
6,12,13295,WR,14.0,11.99,31,100
6,12,4241416,RB,13.0,15.0,22,100
6,12,3046409,RB,17.0,10.66,25,100
7,5,3117251,RB,0.0,0.0,26,100
7,5,2577417,QB,0,0.0,0,100
7,5,4262921,WR,0,0.0,0,100
7,5,14876,QB,18.0,18.87,30,100
7,5,3116165,WR,25.0,14.29,15,100
7,5,4241555,RB,16.0,12.34,4,100
7,5,3916433,WR,9.0,11.66,12,100
7,5,4240600,WR,0.0,0.0,7,100
7,5,2572861,RB,9.0,8.71,9,100
7,5,15091,K,11.0,8.59,3,100
7,5,4035826,RB,6.0,4.92,11,100
7,5,-16029,D/ST,2.0,5.47,30,100
7,5,3929630,RB,0.0,0.0,5,100
7,5,3051876,TE,10.0,7.03,11,100
7,16,3116593,RB,0,0.0,0,100
7,16,3128720,RB,0.0,0.0,11,100
7,16,16799,WR,3.0,12.27,22,100
7,16,4040715,QB,23.0,21.23,18,100
7,16,4360248,TE,23.0,12.63,17,100
7,16,4239993,WR,13.0,12.62,30,100
7,16,4046692,WR,0,0.0,0,100
7,16,13934,WR,0.0,0.0,0,100
7,16,15683,K,6.0,9.42,9,100
7,16,11237,QB,17.0,18.54,6,100
7,16,3139602,RB,24.0,13.91,11,100
7,16,-16022,D/ST,11.0,7.62,24,100
7,16,4240657,RB,15.0,11.38,19,100
7,16,3042778,WR,14.0,11.58,3,100
7,10,3051392,RB,0,0.0,0,100
7,10,4242335,RB,17.0,15.59,11,100
7,10,3121422,WR,25.0,15.53,16,100
7,10,4241389,WR,0,0.0,0,100
7,10,4361579,RB,17.0,9.14,17,100
7,10,4036131,TE,8.0,10.9,18,100
7,10,4241479,QB,25.0,16.68,31,100
7,10,3925347,RB,24.0,9.93,32,100
7,10,3055899,K,3.0,6.75,15,100
7,10,4035676,RB,0,0.0,0,100
7,10,4372016,WR,15.0,14.01,27,100
7,10,2573079,QB,20.0,13.34,21,100
7,10,-16009,D/ST,10.0,4.71,27,100
7,10,-16033,D/ST,-6.0,5.69,15,100
7,1,15847,TE,13.0,18.28,5,100
7,1,4360294,RB,7.0,12.02,9,100
7,1,15818,WR,0,0.0,0,100
7,1,15880,WR,15.0,12.91,19,100
7,1,3119195,RB,9.0,12.41,27,100
7,1,3059915,RB,0.0,0.0,11,100
7,1,3045144,WR,7.0,9.79,30,100
7,1,15072,WR,0,0.0,0,100
7,1,4239934,RB,-1.0,8.56,15,100
7,1,5536,QB,0,0.0,0,100
7,1,3917792,QB,16.0,15.77,10,100
7,1,11122,K,7.0,8.93,19,100
7,1,3046779,QB,10.0,13.23,3,100
7,1,-16018,D/ST,10.0,6.15,13,100
7,3,3139477,QB,7.0,24.7,21,100
7,3,4047650,WR,17.0,14.71,14,100
7,3,4052042,RB,0,0.0,0,100
7,3,4047365,RB,14.0,15.14,24,100
7,3,3116365,TE,7.0,13.96,26,100
7,3,2574808,WR,4.0,11.11,13,100
7,3,-16027,D/ST,18.0,6.92,28,100
7,3,3052876,WR,0.0,0.0,27,100
7,3,3045147,RB,12.0,12.0,27,100
7,3,2508176,RB,9.0,5.55,7,100
7,3,2971618,WR,13.0,7.31,12,100
7,3,13229,TE,0.0,0.0,6,100
7,3,12460,K,15.0,7.83,22,100
7,3,16760,QB,5.0,12.99,16,100
7,4,3043078,RB,15.0,23.82,20,100
7,4,15795,WR,18.0,14.3,24,100
7,4,4038941,QB,0,0.0,0,100
7,4,3040151,TE,0.0,0.0,28,100
7,4,16737,WR,31.0,15.53,15,100
7,4,13982,WR,5.0,11.19,18,100
7,4,4039359,RB,8.0,18.04,29,100
7,4,3115364,RB,16.0,15.88,14,100
7,4,14880,QB,0,0.0,0,100
7,4,2976592,WR,0.0,0.0,7,100
7,4,3046439,TE,10.0,7.47,26,100
7,4,10621,K,13.0,8.96,31,100
7,4,-16011,D/ST,12.0,4.96,10,100
7,4,4241464,QB,21.0,12.88,28,100
7,8,3054850,RB,33.0,22.86,31,100
7,8,4241457,RB,0,0.0,0,100
7,8,8439,QB,23.0,21.08,32,100
7,8,2577327,WR,3.0,12.74,14,100
7,8,2977187,WR,37.0,22.17,19,100
7,8,2573401,TE,9.0,8.98,24,100
7,8,3025433,RB,1.0,11.2,16,100
7,8,4241478,WR,11.0,12.43,5,100
7,8,-16014,D/ST,3.0,5.93,21,100
7,8,3912547,QB,2.0,15.91,8,100
7,8,16757,QB,18.0,18.25,15,100
7,8,3115375,RB,8.0,12.43,2,100
7,8,3134353,WR,3.0,9.68,6,100
7,8,3049899,K,12.0,7.24,24,100
7,14,3917315,QB,21.0,23.56,24,100
7,14,2976212,WR,0,0.0,0,100
7,14,4242214,RB,0.0,0.0,2,100
7,14,4259545,RB,27.0,16.53,10,100
7,14,2976499,WR,0,0.0,0,100
7,14,3915416,WR,13.0,15.81,13,100
7,14,4360310,QB,0,0.0,0,100
7,14,3930086,TE,0,0.0,0,100
7,14,2565969,QB,19.0,16.7,21,100
7,14,3122866,RB,14.0,11.51,5,100
7,14,3121023,TE,12.0,10.41,29,100
7,14,3135321,WR,12.0,12.05,2,100
7,14,-16005,D/ST,7.0,5.1,23,100
7,14,12731,K,7.0,7.95,21,100
7,13,3068267,RB,0,0.0,0,100
7,13,4047646,WR,27.0,13.6,18,100
7,13,2576925,TE,0.0,0.0,32,100
7,13,16460,WR,0,0.0,0,100
7,13,16733,WR,4.0,10.86,19,100
7,13,16731,WR,7.0,16.53,29,100
7,13,3126486,WR,21.0,16.51,21,100
7,13,2473037,K,4.0,7.33,16,100
7,13,16728,QB,13.0,17.13,9,100
7,13,2576623,WR,0.0,0.0,27,100
7,13,-16017,D/ST,13.0,6.83,26,100
7,13,4371733,RB,14.0,7.54,30,100
7,13,2979843,RB,16.0,6.79,24,100
7,13,2975674,TE,16.0,8.22,21,100
7,11,16800,WR,19.0,23.03,28,100
7,11,3116406,WR,11.0,21.09,31,100
7,11,14881,QB,0.0,0.0,5,100
7,11,4035538,RB,0.0,0.0,13,100
7,11,2330,QB,24.0,20.65,19,100
7,11,4241372,WR,19.0,13.1,16,100
7,11,16339,K,2.0,8.33,16,100
7,11,15807,RB,14.0,15.77,16,100
7,11,-16006,D/ST,0,0,0,100
7,11,12537,TE,0,0.0,0,100
7,11,4035886,RB,18.0,9.3,13,100
7,11,4035170,WR,6.0,9.49,9,100
7,11,3051806,TE,11.0,8.22,22,100
7,11,-16001,D/ST,3.0,5.55,25,100
7,17,3916387,QB,22.0,22.02,13,100
7,17,3042519,RB,8.0,16.68,15,100
7,17,12483,QB,27.0,21.33,26,100
7,17,4045163,RB,4.0,12.82,30,100
7,17,3932905,WR,0,0.0,0,100
7,17,4362628,WR,34.0,15.54,30,100
7,17,2576434,RB,10.0,9.18,17,100
7,17,15349,WR,0,0.0,0,100
7,17,3045138,WR,0,0.0,0,100
7,17,4249087,K,9.0,8.15,32,100
7,17,3116164,TE,21.0,11.29,12,100
7,17,-16023,D/ST,0,0,0,100
7,17,4040655,WR,5.0,11.24,22,100
7,17,-16013,D/ST,5.0,4.83,9,100
7,12,3918298,QB,0,0.0,0,100
7,12,3925357,WR,12.0,18.22,11,100
7,12,3116385,RB,11.0,14.54,8,100
7,12,3919596,RB,0.0,0.0,1,100
7,12,4036133,TE,10.0,11.36,15,100
7,12,3915511,QB,26.0,18.18,29,100
7,12,3128429,WR,11.0,15.2,6,100
7,12,4035687,WR,20.0,12.55,23,100
7,12,-16002,D/ST,0,0,0,100
7,12,3051909,K,8.0,8.92,4,100
7,12,4241416,RB,8.0,14.61,26,100
7,12,2969939,QB,16.0,15.83,13,100
7,12,3917232,K,0,0.0,0,100
7,12,-16025,D/ST,6.0,5.63,10,100
8,16,3116593,RB,7.0,19.12,3,100
8,16,3128720,RB,7.0,16.8,25,100
8,16,16799,WR,5.0,9.01,23,100
8,16,4040715,QB,11.0,23.14,26,100
8,16,4360248,TE,3.0,14.0,11,100
8,16,4239993,WR,13.0,13.13,12,100
8,16,4046692,WR,9.0,12.75,6,100
8,16,13934,WR,0.0,0.0,0,100
8,16,15683,K,0,0.0,0,100
8,16,11237,QB,5.0,15.53,10,100
8,16,-16022,D/ST,1.0,6.13,4,100
8,16,4240657,RB,31.0,11.81,21,100
8,16,3042778,WR,0.0,0.0,16,100
8,16,3975763,K,12.0,9.06,18,100
8,1,15847,TE,4.0,17.17,14,100
8,1,4360294,RB,8.0,11.22,11,100
8,1,15818,WR,19.0,14.54,3,100
8,1,15880,WR,20.0,12.09,24,100
8,1,3119195,RB,15.0,13.35,9,100
8,1,3059915,RB,0.0,0.0,25,100
8,1,3045144,WR,18.0,9.81,12,100
8,1,15072,WR,8.0,12.53,9,100
8,1,4239934,RB,7.0,6.04,7,100
8,1,5536,QB,14.0,14.24,9,100
8,1,3917792,QB,15.0,18.97,30,100
8,1,11122,K,3.0,8.39,6,100
8,1,3046779,QB,8.0,13.22,15,100
8,1,-16021,D/ST,20.0,5.78,21,100
8,4,3043078,RB,6.0,21.57,4,100
8,4,15795,WR,8.0,14.66,16,100
8,4,4038941,QB,12.0,19.95,2,100
8,4,3040151,TE,0.0,0.0,6,100
8,4,16737,WR,12.0,14.02,14,100
8,4,13982,WR,0.0,0.0,21,100
8,4,4039359,RB,22.0,17.66,27,100
8,4,3115364,RB,6.0,13.72,1,100
8,4,14880,QB,12.0,16.88,7,100
8,4,2976592,WR,6.0,13.36,18,100
8,4,3046439,TE,4.0,7.48,31,100
8,4,10621,K,15.0,8.1,29,100
8,4,4241464,QB,11.0,15.42,17,100
8,4,-16010,D/ST,12.0,4.61,10,100
8,5,3117251,RB,0.0,0.0,23,100
8,5,2577417,QB,0.0,0.0,27,100
8,5,4262921,WR,4.0,17.32,19,100
8,5,14876,QB,20.0,16.93,16,100
8,5,3116165,WR,28.0,16.3,14,100
8,5,4241555,RB,19.0,12.48,14,100
8,5,3916433,WR,9.0,12.92,4,100
8,5,4240600,WR,6.0,13.12,18,100
8,5,2572861,RB,17.0,7.78,11,100
8,5,15091,K,12.0,8.04,2,100
8,5,-16029,D/ST,12.0,5.17,29,100
8,5,3929630,RB,0.0,0.0,20,100
8,5,15835,TE,8.0,8.02,22,100
8,5,3046409,RB,4.0,9.36,18,100
8,14,3917315,QB,8.0,21.04,21,100
8,14,2976212,WR,15.0,17.98,11,100
8,14,4242214,RB,0.0,0.0,26,100
8,14,4259545,RB,7.0,19.33,24,100
8,14,2976499,WR,26.0,11.39,32,100
8,14,3915416,WR,9.0,16.85,27,100
8,14,4360310,QB,12.0,14.77,13,100
8,14,3930086,TE,0.0,0.0,17,100
8,14,2565969,QB,11.0,16.16,4,100
8,14,3122866,RB,17.0,12.38,20,100
8,14,3121023,TE,13.0,9.56,24,100
8,14,3135321,WR,0,0.0,0,100
8,14,12731,K,3.0,7.31,16,100
8,14,-16004,D/ST,1.0,7.41,26,100
8,10,3051392,RB,11.0,12.21,22,100
8,10,4242335,RB,21.0,16.79,2,100
8,10,3121422,WR,6.0,14.95,10,100
8,10,4241389,WR,17.0,11.65,32,100
8,10,4361579,RB,6.0,9.45,15,100
8,10,4036131,TE,2.0,10.76,21,100
8,10,4241479,QB,15.0,13.71,1,100
8,10,3925347,RB,14.0,12.09,28,100
8,10,3055899,K,8.0,7.57,27,100
8,10,4035676,RB,10.0,11.38,16,100
8,10,4372016,WR,6.0,12.51,1,100
8,10,2573079,QB,18.0,16.3,21,100
8,10,-16025,D/ST,6.0,7.38,28,100
8,11,16800,WR,0.0,0.0,29,100
8,11,3116406,WR,27.0,19.18,13,100
8,11,14881,QB,0.0,0.0,25,100
8,11,4035538,RB,0.0,0.0,11,100
8,11,2330,QB,25.0,20.09,5,100
8,11,4241372,WR,0,0.0,0,100
8,11,16339,K,5.0,8.37,20,100
8,11,15807,RB,17.0,15.04,5,100
8,11,-16006,D/ST,4.0,3.54,6,100
8,11,4035886,RB,9.0,12.73,11,100
8,11,3051806,TE,3.0,8.14,4,100
8,11,-16001,D/ST,2.0,6.24,32,100
8,11,14053,WR,16.0,11.86,29,100
8,11,13295,WR,0.0,13.63,11,100
8,3,3139477,QB,14.0,23.11,8,100
8,3,4047650,WR,22.0,14.65,26,100
8,3,4052042,RB,4.0,15.65,31,100
8,3,4047365,RB,0,0.0,0,100
8,3,3116365,TE,0,0.0,0,100
8,3,2574808,WR,0.0,11.51,27,100
8,3,-16027,D/ST,-1.0,6.24,19,100
8,3,3052876,WR,0.0,0.0,1,100
8,3,3045147,RB,14.0,9.36,9,100
8,3,2508176,RB,1.0,9.51,10,100
8,3,2971618,WR,9.0,7.36,4,100
8,3,13229,TE,0.0,10.5,7,100
8,3,12460,K,5.0,8.5,3,100
8,3,16760,QB,26.0,12.99,19,100
8,12,3918298,QB,28.0,25.16,6,100
8,12,3925357,WR,0.0,0.0,7,100
8,12,3116385,RB,24.0,13.63,32,100
8,12,3919596,RB,0.0,0.0,18,100
8,12,4036133,TE,18.0,10.84,32,100
8,12,3915511,QB,20.0,18.57,28,100
8,12,3128429,WR,6.0,15.27,28,100
8,12,4035687,WR,30.0,13.04,31,100
8,12,-16002,D/ST,13.0,7.62,25,100
8,12,4241416,RB,13.0,14.81,23,100
8,12,2969939,QB,10.0,14.76,20,100
8,12,3917232,K,10.0,8.24,24,100
8,12,4241463,WR,7.0,12.75,28,100
8,12,3139602,RB,9.0,6.21,25,100
8,8,3054850,RB,16.0,20.45,13,100
8,8,4241457,RB,20.0,20.52,17,100
8,8,8439,QB,15.0,16.61,11,100
8,8,2577327,WR,26.0,12.47,26,100
8,8,2977187,WR,24.0,22.64,24,100
8,8,2573401,TE,5.0,9.29,23,100
8,8,4241478,WR,2.0,12.42,19,100
8,8,-16014,D/ST,7.0,7.87,24,100
8,8,3912547,QB,11.0,15.85,31,100
8,8,16757,QB,0,0.0,0,100
8,8,3115375,RB,16.0,13.2,26,100
8,8,3117256,TE,3.0,8.02,9,100
8,8,2976316,WR,0.0,0.0,22,100
8,8,14993,K,7.0,6.56,30,100
8,17,3916387,QB,0,0.0,0,100
8,17,3042519,RB,23.0,14.73,7,100
8,17,12483,QB,24.0,20.24,24,100
8,17,4045163,RB,0.0,0.0,29,100
8,17,3932905,WR,15.0,15.92,6,100
8,17,4362628,WR,12.0,16.29,12,100
8,17,2576434,RB,18.0,10.59,15,100
8,17,3045138,WR,3.0,16.07,3,100
8,17,4249087,K,8.0,7.89,19,100
8,17,3116164,TE,9.0,10.23,2,100
8,17,-16023,D/ST,9.0,5.16,18,100
8,17,4040655,WR,12.0,9.19,23,100
8,17,3886818,RB,7.0,9.99,6,100
8,17,3052587,QB,9.0,14.26,12,100
8,13,3068267,RB,24.0,17.47,19,100
8,13,4047646,WR,31.0,14.77,21,100
8,13,2576925,TE,0,0.0,0,100
8,13,16460,WR,19.0,15.33,19,100
8,13,16733,WR,1.0,10.5,24,100
8,13,16731,WR,20.0,14.72,25,100
8,13,3126486,WR,23.0,17.16,15,100
8,13,2473037,K,7.0,7.88,28,100
8,13,16728,QB,12.0,17.42,32,100
8,13,2576623,WR,16.0,11.32,1,100
8,13,-16017,D/ST,12.0,3.75,6,100
8,13,4371733,RB,2.0,11.88,29,100
8,13,2979843,RB,0,0.0,0,100
8,13,2975674,TE,7.0,10.03,2,100
9,4,15795,WR,0.0,0.0,23,100
9,4,4038941,QB,31.0,20.18,15,100
9,4,3040151,TE,20.0,8.72,2,100
9,4,16737,WR,0,0.0,0,100
9,4,13982,WR,7.0,10.89,25,100
9,4,4039359,RB,8.0,17.16,2,100
9,4,3115364,RB,0,0.0,0,100
9,4,14880,QB,21.0,17.24,29,100
9,4,3046439,TE,9.0,5.79,11,100
9,4,10621,K,5.0,8.6,22,100
9,4,4241464,QB,5.0,12.6,10,100
9,4,4241463,WR,12.0,12.05,19,100
9,4,-16013,D/ST,8.0,5.31,30,100
9,4,3051439,RB,4.0,9.67,28,100
9,16,3116593,RB,15.0,17.26,8,100
9,16,3128720,RB,29.0,14.77,21,100
9,16,16799,WR,10.0,8.81,8,100
9,16,4040715,QB,16.0,20.23,17,100
9,16,4360248,TE,9.0,13.7,7,100
9,16,4239993,WR,13.0,12.98,6,100
9,16,4046692,WR,7.0,10.9,15,100
9,16,13934,WR,0,0.0,0,100
9,16,15683,K,10.0,8.48,30,100
9,16,11237,QB,27.0,14.95,5,100
9,16,-16022,D/ST,12.0,5.88,10,100
9,16,4240657,RB,8.0,14.28,4,100
9,16,3042778,WR,0.0,0.0,21,100
9,16,3975763,K,7.0,9.14,6,100
9,1,15847,TE,17.0,15.25,22,100
9,1,4360294,RB,0,0.0,0,100
9,1,15818,WR,22.0,14.57,2,100
9,1,15880,WR,16.0,12.96,31,100
9,1,3119195,RB,0.0,12.85,11,100
9,1,3059915,RB,0.0,0.0,21,100
9,1,3045144,WR,2.0,10.51,6,100
9,1,15072,WR,5.0,11.0,1,100
9,1,4239934,RB,12.0,6.73,20,100
9,1,3917792,QB,7.0,17.4,18,100
9,1,11122,K,7.0,7.45,6,100
9,1,3025433,RB,2.0,10.13,1,100
9,1,-16001,D/ST,2.0,5.23,19,100
9,1,2578570,QB,7.0,17.04,24,100
9,14,3917315,QB,0.0,0.0,21,100
9,14,2976212,WR,14.0,16.13,26,100
9,14,4242214,RB,0.0,0.0,9,100
9,14,4259545,RB,0,0.0,0,100
9,14,2976499,WR,5.0,14.82,10,100
9,14,3915416,WR,7.0,14.75,3,100
9,14,3930086,TE,0.0,0.0,13,100
9,14,3122866,RB,14.0,14.62,30,100
9,14,3121023,TE,7.0,9.54,31,100
9,14,3135321,WR,17.0,11.99,13,100
9,14,-16004,D/ST,-2.0,5.22,18,100
9,14,5536,QB,16.0,13.92,19,100
9,14,3150744,K,10.0,6.87,9,100
9,14,3916148,RB,5.0,8.4,11,100
9,5,3117251,RB,14.0,18.55,19,100
9,5,2577417,QB,18.0,19.95,4,100
9,5,4262921,WR,16.0,17.06,30,100
9,5,14876,QB,13.0,17.33,3,100
9,5,3116165,WR,0,0.0,0,100
9,5,4241555,RB,12.0,11.01,7,100
9,5,3916433,WR,1.0,11.56,7,100
9,5,4240600,WR,1.0,11.16,5,100
9,5,2572861,RB,0,0.0,0,100
9,5,15091,K,4.0,7.56,23,100
9,5,-16029,D/ST,8.0,5.62,14,100
9,5,3929630,RB,0.0,0.0,30,100
9,5,15835,TE,5.0,7.97,8,100
9,5,4036378,QB,11.0,15.84,30,100
9,11,16800,WR,10.0,17.88,18,100
9,11,3116406,WR,7.0,19.18,16,100
9,11,14881,QB,0,0.0,0,100
9,11,4035538,RB,9.0,8.0,25,100
9,11,2330,QB,0,0.0,0,100
9,11,4241372,WR,20.0,14.74,32,100
9,11,16339,K,11.0,7.37,18,100
9,11,15807,RB,19.0,14.34,1,100
9,11,-16006,D/ST,0.0,6.4,23,100
9,11,4035886,RB,1.0,9.92,25,100
9,11,3051806,TE,0,0.0,0,100
9,11,13295,WR,10.0,11.6,26,100
9,11,14163,QB,5.0,16.07,6,100
9,11,3051876,TE,12.0,7.31,29,100
9,10,3051392,RB,12.0,17.26,11,100
9,10,4242335,RB,33.0,18.35,32,100
9,10,3121422,WR,0,0.0,0,100
9,10,4241389,WR,4.0,14.63,10,100
9,10,4361579,RB,11.0,9.71,3,100
9,10,4036131,TE,0.0,0.0,19,100
9,10,4241479,QB,0.0,0.02,24,100
9,10,3925347,RB,10.0,10.68,5,100
9,10,3055899,K,9.0,7.18,6,100
9,10,4035676,RB,3.0,12.04,18,100
9,10,4372016,WR,16.0,13.37,24,100
9,10,2573079,QB,23.0,17.51,28,100
9,10,-16025,D/ST,-2.0,6.19,8,100
9,10,12537,TE,10.0,8.58,32,100
9,12,3918298,QB,9.0,24.86,25,100
9,12,3116385,RB,27.0,13.91,17,100
9,12,3919596,RB,0,0.0,0,100
9,12,4036133,TE,0,0.0,0,100
9,12,3915511,QB,7.0,17.86,9,100
9,12,3128429,WR,3.0,12.87,19,100
9,12,4035687,WR,17.0,14.02,12,100
9,12,-16002,D/ST,9.0,7.33,30,100
9,12,3917232,K,7.0,7.98,28,100
9,12,3139602,RB,1.0,6.47,21,100
9,12,3127586,RB,6.0,9.86,10,100
9,12,10452,RB,9.0,7.36,0,100
9,12,4361411,TE,21.0,8.08,6,100
9,12,16790,WR,4.0,12.95,16,100
9,3,3139477,QB,10.0,20.43,21,100
9,3,4047650,WR,0,0.0,0,100
9,3,4052042,RB,0.0,0.0,6,100
9,3,4047365,RB,12.0,14.01,26,100
9,3,3116365,TE,9.0,13.09,9,100
9,3,2574808,WR,1.0,8.75,3,100
9,3,-16027,D/ST,0,0,0,100
9,3,3045147,RB,39.0,8.16,11,100
9,3,2508176,RB,6.0,6.53,16,100
9,3,2971618,WR,0.0,7.2,7,100
9,3,13229,TE,0,0.0,0,100
9,3,12460,K,11.0,8.59,24,100
9,3,16760,QB,19.0,12.7,11,100
9,3,-16011,D/ST,0.0,5.89,26,100
9,17,3916387,QB,30.0,22.94,27,100
9,17,3042519,RB,5.0,16.46,20,100
9,17,12483,QB,12.0,20.34,21,100
9,17,4045163,RB,0.0,0.0,28,100
9,17,3932905,WR,11.0,15.65,15,100
9,17,4362628,WR,8.0,16.46,6,100
9,17,2576434,RB,17.0,9.39,3,100
9,17,3045138,WR,7.0,14.69,2,100
9,17,4249087,K,12.0,8.27,15,100
9,17,3116164,TE,9.0,9.79,23,100
9,17,-16023,D/ST,4.0,7.58,28,100
9,17,4040655,WR,20.0,10.14,8,100
9,17,3886818,RB,15.0,12.82,27,100
9,17,3052587,QB,16.0,14.89,13,100
9,8,3054850,RB,20.0,17.86,23,100
9,8,4241457,RB,16.0,21.13,14,100
9,8,8439,QB,0.0,0.0,30,100
9,8,2577327,WR,0,0.0,0,100
9,8,2977187,WR,20.0,23.36,31,100
9,8,2573401,TE,10.0,8.93,5,100
9,8,4241478,WR,22.0,10.72,4,100
9,8,-16014,D/ST,8.0,5.69,16,100
9,8,16757,QB,9.0,16.14,8,100
9,8,3115375,RB,10.0,10.76,9,100
9,8,3117256,TE,9.0,10.46,4,100
9,8,14993,K,0.0,8.81,11,100
9,8,2468609,QB,1.0,2.58,31,100
9,8,-16018,D/ST,1.0,6.2,29,100
9,13,3068267,RB,10.0,17.88,24,100
9,13,4047646,WR,9.0,18.12,25,100
9,13,2576925,TE,16.0,14.12,14,100
9,13,16460,WR,8.0,16.44,30,100
9,13,16733,WR,0,0.0,31,100
9,13,16731,WR,11.0,13.44,11,100
9,13,3126486,WR,11.0,16.63,29,100
9,13,2473037,K,0,0.0,0,100
9,13,16728,QB,21.0,14.47,7,100
9,13,2576623,WR,0.0,0.0,24,100
9,13,-16017,D/ST,19.0,6.11,32,100
9,13,4371733,RB,6.0,7.22,28,100
9,13,2979843,RB,16.0,6.06,26,100
9,13,4360234,K,4.0,7.91,16,100
10,16,3116593,RB,20.0,18.38,28,100
10,16,3128720,RB,0.0,0.0,19,100
10,16,16799,WR,0,0.0,0,100
10,16,4040715,QB,18.0,18.88,4,100
10,16,4360248,TE,10.0,13.93,19,100
10,16,4239993,WR,0,0.0,0,100
10,16,4046692,WR,0.0,0.0,19,100
10,16,13934,WR,0.0,0.0,0,100
10,16,15683,K,4.0,8.17,24,100
10,16,11237,QB,0.0,16.26,7,100
10,16,-16022,D/ST,3.0,7.18,32,100
10,16,4240657,RB,17.0,12.77,6,100
10,16,3042778,WR,12.0,10.81,1,100
10,16,16790,WR,6.0,11.81,3,100
10,14,3917315,QB,0.0,0.0,10,100
10,14,2976212,WR,30.0,16.16,12,100
10,14,4242214,RB,0.0,0.0,30,100
10,14,4259545,RB,16.0,18.33,25,100
10,14,2976499,WR,9.0,14.3,27,100
10,14,3915416,WR,6.0,14.3,29,100
10,14,3930086,TE,2.0,10.75,26,100
10,14,3122866,RB,0,0.0,0,100
10,14,3121023,TE,4.0,9.86,4,100
10,14,3135321,WR,17.0,12.28,18,100
10,14,-16033,D/ST,4.0,6.75,25,100
10,14,4040761,RB,11.0,8.33,32,100
10,14,3049899,K,3.0,7.59,18,100
10,14,13199,QB,0.0,12.36,10,100
10,11,16800,WR,14.0,20.86,9,100
10,11,3116406,WR,27.0,18.86,5,100
10,11,14881,QB,5.0,17.37,21,100
10,11,4035538,RB,0,0.0,0,100
10,11,2330,QB,12.0,24.24,32,100
10,11,4241372,WR,9.0,15.4,11,100
10,11,16339,K,6.0,8.2,4,100
10,11,15807,RB,4.0,17.7,3,100
10,11,-16006,D/ST,22.0,4.68,29,100
10,11,13295,WR,6.0,11.49,12,100
10,11,3051876,TE,0,0.0,0,100
10,11,3916430,RB,4.0,8.8,18,100
10,11,4212989,TE,13.0,10.41,28,100
10,11,16944,RB,8.0,9.51,16,100
10,4,15795,WR,0.0,0.0,7,100
10,4,4038941,QB,11.0,19.74,27,100
10,4,3040151,TE,16.0,13.21,15,100
10,4,16737,WR,14.0,17.0,28,100
10,4,13982,WR,0.0,0.0,14,100
10,4,4039359,RB,8.0,15.06,11,100
10,4,3115364,RB,16.0,15.38,15,100
10,4,14880,QB,17.0,16.42,17,100
10,4,10621,K,9.0,9.02,16,100
10,4,4241464,QB,19.0,12.53,9,100
10,4,4241463,WR,10.0,12.5,2,100
10,4,3051439,RB,12.0,7.67,11,100
10,4,-16007,D/ST,3.0,4.93,9,100
10,4,13983,WR,1.0,9.25,7,100
10,12,3918298,QB,20.0,26.17,28,100
10,12,3116385,RB,0,0.0,0,100
10,12,3919596,RB,0.0,0.0,9,100
10,12,4036133,TE,0.0,11.87,10,100
10,12,3915511,QB,0,0.0,0,100
10,12,3128429,WR,4.0,11.49,2,100
10,12,4035687,WR,12.0,13.66,26,100
10,12,-16002,D/ST,11.0,7.67,26,100
10,12,3917232,K,9.0,8.08,31,100
10,12,3139602,RB,21.0,16.41,19,100
10,12,3127586,RB,1.0,7.64,1,100
10,12,4361411,TE,6.0,9.44,24,100
10,12,2565969,QB,15.0,15.94,20,100
10,12,3895856,WR,12.0,9.84,7,100
10,1,15847,TE,19.0,15.37,29,100
10,1,4360294,RB,21.0,9.2,13,100
10,1,15818,WR,17.0,16.23,32,100
10,1,15880,WR,0.0,0.0,23,100
10,1,3119195,RB,0.0,0.0,5,100
10,1,3059915,RB,0.0,0.0,19,100
10,1,3045144,WR,0,0.0,0,100
10,1,15072,WR,5.0,11.11,21,100
10,1,4239934,RB,26.0,8.1,31,100
10,1,11122,K,5.0,7.65,22,100
10,1,3025433,RB,1.0,9.98,3,100
10,1,2578570,QB,6.0,16.23,29,100
10,1,4360310,QB,9.0,14.78,16,100
10,1,-16005,D/ST,-6.0,5.36,14,100
10,17,3916387,QB,14.0,25.08,6,100
10,17,3042519,RB,12.0,16.42,31,100
10,17,12483,QB,9.0,19.9,21,100
10,17,4045163,RB,0.0,0.0,11,100
10,17,3932905,WR,13.0,15.03,19,100
10,17,4362628,WR,0,0.0,0,100
10,17,2576434,RB,9.0,11.39,24,100
10,17,3045138,WR,7.0,14.24,32,100
10,17,4249087,K,4.0,8.02,6,100
10,17,3116164,TE,0.0,11.32,30,100
10,17,-16023,D/ST,5.0,6.52,21,100
10,17,4040655,WR,0,0.0,0,100
10,17,3886818,RB,5.0,13.6,8,100
10,17,3052587,QB,4.0,14.19,2,100
10,5,3117251,RB,25.0,20.86,7,100
10,5,2577417,QB,25.0,20.72,31,100
10,5,4262921,WR,23.0,15.62,4,100
10,5,14876,QB,18.0,16.23,5,100
10,5,3116165,WR,12.0,16.59,28,100
10,5,4241555,RB,9.0,12.53,10,100
10,5,4240600,WR,0,0.0,0,100
10,5,2572861,RB,7.0,9.29,13,100
10,5,15091,K,11.0,8.01,16,100
10,5,-16029,D/ST,14.0,6.19,8,100
10,5,3929630,RB,0,0.0,0,100
10,5,4360438,WR,5.0,10.23,25,100
10,5,3930066,WR,8.0,11.78,23,100
10,5,3915486,TE,16.0,8.56,31,100
10,13,3068267,RB,14.0,18.77,22,100
10,13,4047646,WR,2.0,16.28,14,100
10,13,2576925,TE,6.0,14.44,15,100
10,13,16460,WR,11.0,13.55,4,100
10,13,16733,WR,3.0,9.6,23,100
10,13,16731,WR,0,0.0,0,100
10,13,3126486,WR,29.0,16.11,25,100
10,13,2473037,K,0.0,6.57,6,100
10,13,16728,QB,9.0,16.53,15,100
10,13,-16017,D/ST,12.0,5.45,18,100
10,13,4371733,RB,1.0,3.45,11,100
10,13,2979843,RB,4.0,8.13,20,100
10,13,4360234,K,0,0.0,0,100
10,13,3117256,TE,2.0,9.28,12,100
10,10,3051392,RB,20.0,16.04,23,100
10,10,4242335,RB,24.0,18.41,18,100
10,10,3121422,WR,11.0,15.47,22,100
10,10,4241389,WR,28.0,14.36,27,100
10,10,4361579,RB,6.0,10.88,24,100
10,10,4036131,TE,10.0,10.47,32,100
10,10,4241479,QB,12.0,0.0,29,100
10,10,3925347,RB,0.0,0.0,17,100
10,10,3055899,K,11.0,7.21,24,100
10,10,4035676,RB,8.0,12.27,32,100
10,10,4372016,WR,10.0,13.97,30,100
10,10,2573079,QB,7.0,17.13,25,100
10,10,2511109,QB,19.0,13.0,21,100
10,10,-16018,D/ST,4.0,5.9,16,100
10,8,3054850,RB,0.0,0.0,2,100
10,8,4241457,RB,16.0,20.91,29,100
10,8,8439,QB,9.0,18.27,13,100
10,8,2577327,WR,4.0,13.88,16,100
10,8,2977187,WR,23.0,23.29,23,100
10,8,2573401,TE,11.0,9.26,8,100
10,8,4241478,WR,22.0,10.84,10,100
10,8,-16014,D/ST,1.0,5.46,10,100
10,8,16757,QB,17.0,17.51,30,100
10,8,3115375,RB,29.0,12.2,30,100
10,8,-16010,D/ST,5.0,5.68,19,100
10,8,17372,K,12.0,8.07,32,100
10,8,13981,RB,20.0,12.56,2,100
10,8,13994,QB,11.0,0.0,11,100
10,3,3139477,QB,36.0,19.32,18,100
10,3,4047650,WR,5.0,15.71,16,100
10,3,4052042,RB,17.0,14.14,4,100
10,3,4047365,RB,8.0,15.21,20,100
10,3,3116365,TE,18.0,13.46,17,100
10,3,2574808,WR,13.0,6.91,29,100
10,3,-16027,D/ST,6.0,6.88,27,100
10,3,3045147,RB,14.0,15.36,5,100
10,3,2508176,RB,0,0.0,0,100
10,3,13229,TE,0.0,0.0,21,100
10,3,16760,QB,15.0,14.54,3,100
10,3,-16011,D/ST,14.0,5.59,30,100
10,3,10636,K,4.0,8.17,14,100
10,3,15349,WR,3.0,12.46,12,100
11,11,16800,WR,30.0,20.43,32,100
11,11,3116406,WR,19.0,20.9,19,100
11,11,14881,QB,8.0,15.27,11,100
11,11,4035538,RB,6.0,15.22,8,100
11,11,2330,QB,19.0,21.05,8,100
11,11,4241372,WR,0.0,0.0,15,100
11,11,15807,RB,0.0,0.0,19,100
11,11,13295,WR,5.0,10.74,21,100
11,11,3051876,TE,3.0,7.8,20,100
11,11,3916430,RB,3.0,7.43,6,100
11,11,4212989,TE,0.0,9.33,8,100
11,11,3975763,K,9.0,8.71,6,100
11,11,-16006,D/ST,6.0,3.66,4,100
11,11,-16025,D/ST,12.0,6.17,30,100
11,16,3116593,RB,21.0,17.2,9,100
11,16,3128720,RB,22.0,16.53,29,100
11,16,16799,WR,0.0,0.0,30,100
11,16,4040715,QB,29.0,18.56,5,100
11,16,4360248,TE,5.0,11.67,1,100
11,16,4239993,WR,3.0,13.88,5,100
11,16,4046692,WR,14.0,11.4,4,100
11,16,13934,WR,0.0,0.0,0,100
11,16,15683,K,11.0,7.0,21,100
11,16,11237,QB,2.0,13.44,2,100
11,16,-16022,D/ST,9.0,6.34,13,100
11,16,4240657,RB,7.0,14.32,16,100
11,16,3042778,WR,6.0,11.04,11,100
11,16,16790,WR,13.0,11.28,19,100
11,14,3917315,QB,0.0,0.0,13,100
11,14,2976212,WR,18.0,17.45,21,100
11,14,4242214,RB,15.0,9.04,3,100
11,14,4259545,RB,22.0,16.95,17,100
11,14,2976499,WR,0.0,0.0,18,100
11,14,3915416,WR,16.0,13.07,28,100
11,14,3930086,TE,14.0,8.41,28,100
11,14,3122866,RB,2.0,1.13,13,100
11,14,3121023,TE,11.0,10.9,7,100
11,14,3135321,WR,7.0,13.84,16,100
11,14,-16033,D/ST,7.0,7.27,28,100
11,14,3043234,K,3.0,7.66,20,100
11,14,4035671,QB,10.0,15.91,19,100
11,14,10452,RB,6.0,9.66,0,100
11,12,3918298,QB,15.0,23.58,16,100
11,12,3116385,RB,24.0,14.91,30,100
11,12,4036133,TE,11.0,9.95,18,100
11,12,3915511,QB,8.0,16.78,18,100
11,12,3128429,WR,0,0.0,0,100
11,12,4035687,WR,4.0,13.41,1,100
11,12,-16002,D/ST,-4.0,6.39,10,100
11,12,3917232,K,-1.0,8.28,2,100
11,12,3139602,RB,2.0,7.56,29,100
11,12,3895856,WR,4.0,13.14,9,100
11,12,3122976,RB,6.0,12.28,18,100
11,12,3046409,RB,3.0,10.29,7,100
11,12,4361579,RB,0,0.0,0,100
11,12,4036348,WR,9.0,12.68,18,100
11,4,15795,WR,0.0,0.0,9,100
11,4,4038941,QB,34.0,18.09,12,100
11,4,3040151,TE,13.0,13.38,13,100
11,4,16737,WR,20.0,14.58,13,100
11,4,4039359,RB,0,0.0,0,100
11,4,3115364,RB,12.0,16.01,26,100
11,4,14880,QB,25.0,15.43,21,100
11,4,10621,K,15.0,8.36,13,100
11,4,4241464,QB,10.0,14.96,31,100
11,4,4241463,WR,0,0.0,0,100
11,4,-16007,D/ST,0,0,0,100
11,4,-16015,D/ST,4.0,6.47,26,100
11,4,2572861,RB,5.0,7.65,5,100
11,4,4040655,WR,23.0,10.71,30,100
11,17,3916387,QB,0.0,0.0,19,100
11,17,3042519,RB,0.0,0.0,22,100
11,17,12483,QB,0,0.0,0,100
11,17,4045163,RB,7.0,9.5,1,100
11,17,3932905,WR,23.0,15.53,4,100
11,17,4362628,WR,12.0,17.44,5,100
11,17,2576434,RB,0,0.0,0,100
11,17,3045138,WR,20.0,11.96,8,100
11,17,3116164,TE,10.0,11.46,26,100
11,17,-16023,D/ST,-3.0,3.75,6,100
11,17,3886818,RB,17.0,14.85,32,100
11,17,3052587,QB,7.0,15.38,26,100
11,17,3125116,RB,4.0,12.09,27,100
11,17,12460,K,4.0,7.96,12,100
11,1,15847,TE,18.0,16.6,19,100
11,1,4360294,RB,7.0,11.07,5,100
11,1,15818,WR,20.0,15.76,8,100
11,1,15880,WR,0,0.0,0,100
11,1,3119195,RB,0.0,0.0,31,100
11,1,3059915,RB,0.0,0.0,29,100
11,1,3045144,WR,11.0,9.94,5,100
11,1,15072,WR,9.0,9.36,23,100
11,1,4239934,RB,15.0,16.03,22,100
11,1,11122,K,4.0,7.28,14,100
11,1,3025433,RB,5.0,10.84,19,100
11,1,2578570,QB,0.0,0.14,28,100
11,1,4360310,QB,8.0,14.86,21,100
11,1,-16005,D/ST,9.0,7.23,21,100
11,13,3068267,RB,41.0,17.31,25,100
11,13,4047646,WR,9.0,15.59,24,100
11,13,2576925,TE,18.0,14.03,26,100
11,13,16460,WR,22.0,13.18,16,100
11,13,16733,WR,0,0.0,0,100
11,13,16731,WR,3.0,15.04,31,100
11,13,3126486,WR,15.0,17.67,26,100
11,13,16728,QB,0,0.0,0,100
11,13,-16017,D/ST,26.0,6.36,29,100
11,13,4371733,RB,0.0,0.0,1,100
11,13,2979843,RB,3.0,8.32,21,100
11,13,4360234,K,20.0,6.95,24,100
11,13,3117256,TE,11.0,8.59,15,100
11,13,3917792,QB,7.0,16.75,20,100
11,5,3117251,RB,24.0,22.92,15,100
11,5,2577417,QB,2.0,20.74,30,100
11,5,4262921,WR,36.0,16.76,16,100
11,5,14876,QB,8.0,17.92,24,100
11,5,3116165,WR,18.0,16.99,13,100
11,5,4241555,RB,0.0,0.0,18,100
11,5,4240600,WR,11.0,11.34,22,100
11,5,15091,K,0.0,7.95,19,100
11,5,-16029,D/ST,4.0,6.76,27,100
11,5,3929630,RB,11.0,15.54,13,100
11,5,4360438,WR,21.0,10.37,26,100
11,5,3930066,WR,0,0.0,0,100
11,5,3915486,TE,6.0,8.68,22,100
11,5,4569173,RB,7.0,8.03,23,100
11,8,3054850,RB,0.0,0.0,24,100
11,8,4241457,RB,16.0,19.54,28,100
11,8,8439,QB,33.0,16.36,27,100
11,8,2577327,WR,15.0,13.21,29,100
11,8,2977187,WR,0,0.0,0,100
11,8,2573401,TE,0,0.0,0,100
11,8,4241478,WR,10.0,11.01,14,100
11,8,16757,QB,8.0,16.76,13,100
11,8,3115375,RB,3.0,7.88,3,100
11,8,-16010,D/ST,3.0,7.26,24,100
11,8,17372,K,14.0,8.2,29,100
11,8,13981,RB,14.0,14.41,24,100
11,8,13994,QB,25.0,15.61,32,100
11,8,3046439,TE,4.0,7.65,12,100
11,10,3051392,RB,12.0,16.43,20,100
11,10,4242335,RB,52.0,15.97,6,100
11,10,3121422,WR,21.0,13.41,7,100
11,10,4241389,WR,4.0,16.12,18,100
11,10,4036131,TE,0,0.0,0,100
11,10,4241479,QB,16.0,19.18,28,100
11,10,3925347,RB,6.0,11.3,23,100
11,10,3055899,K,7.0,8.14,18,100
11,10,4035676,RB,0.0,10.6,4,100
11,10,4372016,WR,20.0,14.1,12,100
11,10,2573079,QB,9.0,14.29,1,100
11,10,2511109,QB,23.0,15.22,15,100
11,10,-16018,D/ST,3.0,5.19,9,100
11,10,4361411,TE,11.0,10.64,31,100
11,3,3139477,QB,7.0,21.07,7,100
11,3,4047650,WR,7.0,14.98,29,100
11,3,4052042,RB,10.0,14.84,11,100
11,3,4047365,RB,10.0,13.45,21,100
11,3,3116365,TE,15.0,12.05,6,100
11,3,2574808,WR,8.0,9.01,28,100
11,3,-16027,D/ST,13.0,6.45,30,100
11,3,3045147,RB,20.0,16.14,31,100
11,3,2508176,RB,5.0,6.97,2,100
11,3,13229,TE,13.0,10.67,14,100
11,3,16760,QB,15.0,15.15,25,100
11,3,-16011,D/ST,10.0,3.2,3,100
11,3,10636,K,8.0,7.41,30,100
11,3,15349,WR,6.0,10.08,21,100
12,16,3116593,RB,13.0,17.56,11,100
12,16,3128720,RB,5.0,13.73,8,100
12,16,16799,WR,0.0,0.0,19,100
12,16,4040715,QB,6.0,21.35,8,100
12,16,4360248,TE,4.0,11.56,13,100
12,16,4239993,WR,23.0,11.68,8,100
12,16,4046692,WR,11.0,12.58,16,100
12,16,13934,WR,0.0,0.0,0,100
12,16,15683,K,13.0,8.72,16,100
12,16,-16022,D/ST,0,0,0,100
12,16,4240657,RB,0.0,0.0,27,100
12,16,3042778,WR,0.0,0.0,24,100
12,16,16790,WR,15.0,11.59,30,100
12,16,-16001,D/ST,5.0,5.68,30,100
12,12,3918298,QB,26.0,23.31,5,100
12,12,3116385,RB,32.0,15.07,25,100
12,12,4036133,TE,12.0,9.98,6,100
12,12,3915511,QB,15.0,17.22,12,100
12,12,3128429,WR,3.0,10.6,4,100
12,12,4035687,WR,9.0,13.53,22,100
12,12,-16002,D/ST,11.0,6.44,19,100
12,12,3917232,K,7.0,7.57,16,100
12,12,4361579,RB,19.0,9.92,28,100
12,12,4036348,WR,15.0,12.29,5,100
12,12,3126246,RB,18.0,10.41,19,100
12,12,4372414,WR,8.0,12.94,24,100
12,12,3915411,RB,4.0,9.84,27,100
12,12,2565969,QB,10.0,15.66,13,100
12,17,3916387,QB,8.0,23.76,9,100
12,17,3042519,RB,2.0,12.97,10,100
12,17,12483,QB,22.0,17.72,21,100
12,17,4045163,RB,7.0,12.44,26,100
12,17,3932905,WR,18.0,16.83,16,100
12,17,4362628,WR,6.0,16.88,8,100
12,17,2576434,RB,9.0,11.83,28,100
12,17,3045138,WR,7.0,13.38,10,100
12,17,3116164,TE,4.0,10.72,11,100
12,17,-16023,D/ST,0.0,5.19,15,100
12,17,3886818,RB,18.0,12.84,5,100
12,17,3052587,QB,11.0,15.16,29,100
12,17,3125116,RB,9.0,10.02,19,100
12,17,12460,K,6.0,7.94,4,100
12,11,16800,WR,18.0,20.57,25,100
12,11,3116406,WR,0,0.0,0,100
12,11,14881,QB,18.0,16.47,32,100
12,11,4035538,RB,9.0,15.2,29,100
12,11,2330,QB,11.0,21.59,16,100
12,11,4241372,WR,13.0,14.22,6,100
12,11,15807,RB,26.0,15.45,18,100
12,11,13295,WR,5.0,9.2,14,100
12,11,4212989,TE,1.0,6.96,12,100
12,11,3975763,K,1.0,7.98,6,100
12,11,-16006,D/ST,0.0,5.28,17,100
12,11,-16025,D/ST,5.0,3.75,6,100
12,11,16944,RB,6.0,10.99,17,100
12,11,4036131,TE,4.0,9.89,31,100
12,13,3068267,RB,21.0,18.25,11,100
12,13,4047646,WR,0.0,0.0,3,100
12,13,2576925,TE,5.0,15.45,19,100
12,13,16460,WR,23.0,14.81,23,100
12,13,16733,WR,19.0,11.71,16,100
12,13,16731,WR,13.0,13.39,12,100
12,13,3126486,WR,20.0,18.1,32,100
12,13,16728,QB,16.0,14.81,17,100
12,13,-16017,D/ST,12.0,7.25,16,100
12,13,4371733,RB,6.0,1.02,26,100
12,13,2979843,RB,4.0,7.93,3,100
12,13,4360234,K,13.0,7.8,26,100
12,13,3117256,TE,15.0,11.04,29,100
12,13,3917792,QB,15.0,16.08,15,100
12,14,3917315,QB,0,0.0,0,100
12,14,2976212,WR,20.0,16.85,14,100
12,14,4242214,RB,0,0.0,0,100
12,14,4259545,RB,3.0,17.54,14,100
12,14,2976499,WR,0.0,0.0,5,100
12,14,3915416,WR,14.0,13.2,11,100
12,14,3930086,TE,18.0,9.63,7,100
12,14,3122866,RB,3.0,2.26,24,100
12,14,3121023,TE,1.0,9.84,14,100
12,14,3135321,WR,21.0,12.17,19,100
12,14,3043234,K,5.0,7.66,24,100
12,14,-16034,D/ST,8.0,7.23,26,100
12,14,4361259,QB,9.0,14.66,24,100
12,14,3916148,RB,16.0,8.9,30,100
12,8,3054850,RB,0.0,0.0,6,100
12,8,4241457,RB,6.0,17.96,21,100
12,8,8439,QB,26.0,17.39,3,100
12,8,2577327,WR,12.0,13.33,28,100
12,8,2977187,WR,18.0,22.33,16,100
12,8,2573401,TE,1.0,9.09,22,100
12,8,4241478,WR,4.0,11.04,13,100
12,8,16757,QB,20.0,15.36,7,100
12,8,-16010,D/ST,-2.0,5.33,14,100
12,8,17372,K,5.0,7.83,9,100
12,8,13981,RB,0.0,0.0,6,100
12,8,13994,QB,5.0,17.69,6,100
12,8,-16003,D/ST,6.0,6.46,21,100
12,8,2572861,RB,22.0,7.7,31,100
12,4,15795,WR,0,0.0,0,100
12,4,4038941,QB,19.0,19.19,4,100
12,4,3040151,TE,2.0,13.56,9,100
12,4,16737,WR,4.0,15.83,21,100
12,4,4039359,RB,16.0,13.26,9,100
12,4,3115364,RB,44.0,14.69,4,100
12,4,14880,QB,15.0,16.32,21,100
12,4,10621,K,20.0,9.16,15,100
12,4,4241464,QB,21.0,12.86,21,100
12,4,4241463,WR,4.0,12.35,4,100
12,4,-16007,D/ST,15.0,4.07,6,100
12,4,-16015,D/ST,25.0,5.74,32,100
12,4,4040655,WR,17.0,12.9,19,100
12,4,-16011,D/ST,2.0,3.14,1,100
12,3,3139477,QB,0,0.0,0,100
12,3,4047650,WR,2.0,15.24,28,100
12,3,4052042,RB,11.0,17.8,23,100
12,3,4047365,RB,18.0,11.77,3,100
12,3,3116365,TE,16.0,12.61,18,100
12,3,2574808,WR,2.0,9.33,11,100
12,3,-16027,D/ST,11.0,4.77,10,100
12,3,3045147,RB,0,0.0,0,100
12,3,2508176,RB,6.0,10.14,32,100
12,3,13229,TE,19.0,12.78,28,100
12,3,16760,QB,11.0,15.8,27,100
12,3,10636,K,12.0,8.09,23,100
12,3,15349,WR,9.0,11.36,14,100
12,3,14163,QB,15.0,17.73,28,100
12,1,15847,TE,0,0.0,0,100
12,1,4360294,RB,23.0,11.23,31,100
12,1,15818,WR,15.0,16.47,10,100
12,1,15880,WR,0.0,0.0,16,100
12,1,3119195,RB,0,0.0,0,100
12,1,3059915,RB,2.0,11.24,8,100
12,1,3045144,WR,3.0,9.89,8,100
12,1,15072,WR,8.0,9.3,27,100
12,1,4239934,RB,19.0,10.52,10,100
12,1,4360310,QB,16.0,12.61,31,100
12,1,16339,K,4.0,8.36,29,100
12,1,16813,TE,6.0,8.76,25,100
12,1,-16030,D/ST,3.0,6.02,29,100
12,1,5536,QB,8.0,15.43,13,100
12,10,3051392,RB,16.0,16.8,30,100
12,10,4242335,RB,19.0,19.92,13,100
12,10,3121422,WR,9.0,15.11,9,100
12,10,4241389,WR,0.0,0.0,5,100
12,10,4241479,QB,13.0,14.5,10,100
12,10,3925347,RB,12.0,9.38,2,100
12,10,3055899,K,0,0.0,0,100
12,10,4035676,RB,0.0,0.0,1,100
12,10,4372016,WR,28.0,13.44,7,100
12,10,2573079,QB,20.0,15.89,20,100
12,10,2511109,QB,8.0,12.63,1,100
12,10,4361411,TE,14.0,10.39,26,100
12,10,3124084,K,2.0,8.13,14,100
12,10,-16021,D/ST,6.0,5.98,30,100
12,5,3117251,RB,3.0,21.88,16,100
12,5,2577417,QB,25.0,19.28,18,100
12,5,4262921,WR,12.0,17.64,23,100
12,5,14876,QB,7.0,13.29,2,100
12,5,3116165,WR,4.0,16.61,21,100
12,5,4241555,RB,27.0,10.45,22,100
12,5,4240600,WR,0.0,0.0,2,100
12,5,15091,K,-1.0,6.85,1,100
12,5,-16029,D/ST,3.0,6.52,25,100
12,5,3929630,RB,9.0,15.12,24,100
12,5,4360438,WR,12.0,12.29,32,100
12,5,3930066,WR,18.0,10.78,16,100
12,5,3915486,TE,4.0,8.1,8,100
12,5,4569173,RB,4.0,9.43,2,100
13,17,3916387,QB,17.0,22.63,12,100
13,17,3042519,RB,0,0.0,0,100
13,17,12483,QB,23.0,19.1,25,100
13,17,4045163,RB,17.0,13.92,32,100
13,17,3932905,WR,30.0,15.9,30,100
13,17,4362628,WR,10.0,15.34,4,100
13,17,2576434,RB,0.0,0.0,20,100
13,17,3045138,WR,16.0,11.95,16,100
13,17,3116164,TE,11.0,9.42,14,100
13,17,3886818,RB,6.0,14.47,26,100
13,17,12460,K,10.0,7.34,24,100
13,17,-16016,D/ST,5.0,6.08,21,100
13,17,4258595,TE,7.0,9.11,2,100
13,17,3049916,RB,1.0,7.11,19,100
13,16,3116593,RB,0.0,0.0,29,100
13,16,3128720,RB,0,0.0,0,100
13,16,4040715,QB,0.0,0.0,28,100
13,16,4360248,TE,8.0,11.76,20,100
13,16,4239993,WR,28.0,13.44,4,100
13,16,4046692,WR,7.0,12.35,30,100
13,16,15683,K,7.0,7.7,26,100
13,16,-16022,D/ST,11.0,6.65,28,100
13,16,3042778,WR,3.0,10.72,2,100
13,16,16790,WR,0,0.0,0,100
13,16,2979477,RB,9.0,9.79,24,100
13,16,2565969,QB,14.0,16.17,18,100
13,16,3128721,RB,21.0,10.2,18,100
13,16,15837,QB,5.0,12.15,6,100
13,12,3918298,QB,10.0,21.07,2,100
13,12,3116385,RB,9.0,20.78,28,100
13,12,4036133,TE,14.0,10.16,9,100
13,12,3915511,QB,16.0,17.99,17,100
13,12,3128429,WR,3.0,8.66,18,100
13,12,4035687,WR,16.0,12.09,24,100
13,12,-16002,D/ST,5.0,5.91,14,100
13,12,3917232,K,3.0,7.66,1,100
13,12,4361579,RB,29.0,14.52,20,100
13,12,4372414,WR,19.0,11.47,2,100
13,12,4048244,RB,21.0,17.15,29,100
13,12,4241416,RB,0,0.0,0,100
13,12,3916433,WR,0.0,9.96,1,100
13,13,3068267,RB,16.0,18.62,21,100
13,13,4047646,WR,0,0.0,0,100
13,13,2576925,TE,0.0,0.0,21,100
13,13,16460,WR,1.0,14.9,19,100
13,13,16733,WR,10.0,11.91,26,100
13,13,16731,WR,7.0,12.89,21,100
13,13,3126486,WR,0.0,0.0,9,100
13,13,16728,QB,11.0,13.66,30,100
13,13,-16017,D/ST,9.0,4.35,3,100
13,13,4371733,RB,19.0,1.56,32,100
13,13,2979843,RB,1.0,8.73,15,100
13,13,4360234,K,4.0,7.38,29,100
13,13,3117256,TE,9.0,9.69,7,100
13,13,4040761,RB,3.0,11.06,19,100
13,11,16800,WR,0,0.0,0,100
13,11,3116406,WR,4.0,18.7,10,100
13,11,14881,QB,16.0,15.85,21,100
13,11,4035538,RB,28.0,13.16,7,100
13,11,2330,QB,28.0,19.83,31,100
13,11,4241372,WR,10.0,15.33,8,100
13,11,15807,RB,11.0,16.4,13,100
13,11,13295,WR,5.0,9.04,3,100
13,11,3975763,K,10.0,7.77,32,100
13,11,-16006,D/ST,14.0,5.37,19,100
13,11,-16025,D/ST,9.0,5.95,13,100
13,11,16944,RB,20.0,9.87,25,100
13,11,4036131,TE,7.0,9.56,15,100
13,11,16813,TE,13.0,8.93,29,100
13,8,3054850,RB,0.0,0.0,3,100
13,8,4241457,RB,15.0,16.81,8,100
13,8,8439,QB,0,0.0,0,100
13,8,2577327,WR,19.0,12.86,23,100
13,8,2977187,WR,26.0,21.01,26,100
13,8,4241478,WR,3.0,12.99,12,100
13,8,16757,QB,11.0,16.89,32,100
13,8,-16010,D/ST,0,0,0,100
13,8,17372,K,8.0,8.16,6,100
13,8,13994,QB,0,0.0,0,100
13,8,-16014,D/ST,12.0,6.16,30,100
13,8,15835,TE,2.0,7.87,6,100
13,8,13981,RB,3.0,13.83,3,100
13,8,4038524,QB,18.0,15.09,28,100
13,14,3917315,QB,29.0,18.32,19,100
13,14,2976212,WR,9.0,16.41,3,100
13,14,4242214,RB,10.0,10.54,11,100
13,14,4259545,RB,0.0,0.0,22,100
13,14,2976499,WR,6.0,13.59,14,100
13,14,3915416,WR,0,0.0,0,100
13,14,3930086,TE,3.0,9.88,1,100
13,14,3121023,TE,28.0,10.38,26,100
13,14,3135321,WR,19.0,13.43,28,100
13,14,3916148,RB,15.0,8.96,1,100
13,14,2468609,QB,20.0,18.95,7,100
13,14,2980453,RB,8.0,14.04,22,100
13,14,-16012,D/ST,13.0,5.68,23,100
13,14,12731,K,5.0,6.95,13,100
13,3,3139477,QB,12.0,20.27,4,100
13,3,4047650,WR,11.0,13.32,23,100
13,3,4052042,RB,2.0,14.23,10,100
13,3,4047365,RB,23.0,14.06,15,100
13,3,3116365,TE,9.0,14.05,10,100
13,3,2574808,WR,0,0.0,0,100
13,3,-16027,D/ST,9.0,6.87,29,100
13,3,3045147,RB,18.0,18.15,14,100
13,3,2508176,RB,0.0,0.0,4,100
13,3,13229,TE,21.0,12.55,12,100
13,3,16760,QB,15.0,14.41,13,100
13,3,15349,WR,2.0,10.56,3,100
13,3,14163,QB,0.0,15.77,16,100
13,3,3051909,K,11.0,8.3,20,100
13,4,15795,WR,11.0,13.14,15,100
13,4,4038941,QB,24.0,21.67,13,100
13,4,3040151,TE,39.0,12.99,25,100
13,4,16737,WR,16.0,14.16,27,100
13,4,4039359,RB,0.0,9.54,18,100
13,4,3115364,RB,21.0,17.3,23,100
13,4,14880,QB,19.0,16.74,26,100
13,4,10621,K,7.0,9.48,5,100
13,4,4241464,QB,0.0,11.79,1,100
13,4,-16007,D/ST,6.0,3.59,4,100
13,4,-16015,D/ST,10.0,6.96,30,100
13,4,4040655,WR,7.0,13.79,29,100
13,4,3046439,TE,0.0,6.27,2,100
13,4,3051439,RB,0.0,10.15,32,100
13,10,3051392,RB,6.0,13.08,1,100
13,10,4242335,RB,24.0,23.62,27,100
13,10,3121422,WR,5.0,15.25,5,100
13,10,4241389,WR,18.0,15.4,14,100
13,10,4241479,QB,17.0,16.02,8,100
13,10,3925347,RB,17.0,7.44,6,100
13,10,3055899,K,12.0,7.97,11,100
13,10,4035676,RB,5.0,0.0,19,100
13,10,4372016,WR,18.0,13.95,13,100
13,10,2573079,QB,10.0,15.86,24,100
13,10,4361411,TE,7.0,10.33,30,100
13,10,3124084,K,0.0,0.0,24,100
13,10,-16021,D/ST,6.0,7.1,26,100
13,10,3843945,TE,4.0,9.9,21,100
13,1,15847,TE,5.0,15.86,4,100
13,1,4360294,RB,21.0,15.5,30,100
13,1,15818,WR,22.0,17.67,16,100
13,1,3119195,RB,0.0,0.0,14,100
13,1,3059915,RB,0,0.0,0,100
13,1,3045144,WR,13.0,9.26,4,100
13,1,15072,WR,3.0,9.24,25,100
13,1,4239934,RB,0,0.0,0,100
13,1,4360310,QB,6.0,13.68,3,100
13,1,16339,K,4.0,7.26,3,100
13,1,5536,QB,19.0,15.23,29,100
13,1,2976592,WR,0.0,0.0,11,100
13,1,-16011,D/ST,16.0,6.6,24,100
13,1,3115375,RB,11.0,9.11,11,100
13,5,2577417,QB,11.0,18.7,5,100
13,5,4262921,WR,35.0,17.18,19,100
13,5,14876,QB,0,0.0,0,100
13,5,3116165,WR,29.0,14.43,27,100
13,5,4241555,RB,16.0,13.87,31,100
13,5,4240600,WR,0.0,0.0,11,100
13,5,-16029,D/ST,0,0,0,100
13,5,3929630,RB,12.0,14.55,16,100
13,5,4360438,WR,8.0,13.64,9,100
13,5,3930066,WR,16.0,11.75,26,100
13,5,3915486,TE,12.0,7.54,24,100
13,5,4569173,RB,7.0,8.46,6,100
13,5,-16033,D/ST,1.0,5.78,20,100
13,5,4249087,K,15.0,7.98,28,100
14,16,3116593,RB,34.0,17.28,25,100
14,16,3128720,RB,8.0,12.73,8,100
14,16,4040715,QB,0,0.0,0,100
14,16,4360248,TE,11.0,9.31,11,100
14,16,4239993,WR,16.0,13.75,23,100
14,16,4046692,WR,17.0,12.09,32,100
14,16,15683,K,15.0,8.05,16,100
14,16,-16022,D/ST,1.0,4.31,12,100
14,16,3042778,WR,0.0,0.0,14,100
14,16,16790,WR,15.0,11.58,30,100
14,16,2979477,RB,0.0,0.0,1,100
14,16,2565969,QB,6.0,15.22,7,100
14,16,3128721,RB,7.0,14.5,7,100
14,16,15837,QB,17.0,12.66,17,100
14,13,3068267,RB,15.0,18.63,26,100
14,13,2576925,TE,0.0,0.0,15,100
14,13,16460,WR,0.0,0.0,8,100
14,13,16733,WR,19.0,12.96,29,100
14,13,16731,WR,18.0,12.5,9,100
14,13,3126486,WR,12.0,17.42,16,100
14,13,16728,QB,15.0,13.86,26,100
14,13,-16017,D/ST,0,0,0,100
14,13,4371733,RB,0,0.0,0,100
14,13,4360234,K,11.0,7.37,6,100
14,13,3117256,TE,1.0,9.84,21,100
14,13,4040761,RB,14.0,7.86,13,100
14,13,3916566,WR,17.0,9.68,8,100
14,13,-16026,D/ST,4.0,7.44,24,100
14,8,3054850,RB,24.0,17.46,32,100
14,8,4241457,RB,25.0,17.9,22,100
14,8,8439,QB,29.0,17.3,19,100
14,8,2577327,WR,27.0,12.82,24,100
14,8,2977187,WR,31.0,21.81,29,100
14,8,4241478,WR,0,0.0,0,100
14,8,16757,QB,10.0,14.66,30,100
14,8,-16010,D/ST,19.0,6.32,30,100
14,8,17372,K,1.0,7.7,30,100
14,8,13994,QB,13.0,15.38,31,100
14,8,15835,TE,9.0,7.57,15,100
14,8,-16024,D/ST,6.0,6.39,30,100
14,8,-16004,D/ST,4.0,4.41,10,100
14,8,3928925,RB,4.0,6.13,21,100
14,17,3916387,QB,0.0,20.52,9,100
14,17,3042519,RB,21.0,15.7,14,100
14,17,12483,QB,23.0,17.27,11,100
14,17,4045163,RB,0,0.0,0,100
14,17,3932905,WR,14.0,17.63,32,100
14,17,4362628,WR,24.0,13.56,23,100
14,17,2576434,RB,23.0,11.51,29,100
14,17,3045138,WR,12.0,14.55,13,100
14,17,3116164,TE,0,0.0,0,100
14,17,3886818,RB,0,0.0,0,100
14,17,12460,K,1.0,7.74,29,100
14,17,-16016,D/ST,5.0,4.83,20,100
14,17,4258595,TE,4.0,7.8,22,100
14,17,3049916,RB,1.0,4.29,13,100
14,3,3139477,QB,20.0,20.22,18,100
14,3,4047650,WR,8.0,13.22,24,100
14,3,4052042,RB,0.0,13.01,2,100
14,3,4047365,RB,9.0,14.48,20,100
14,3,3116365,TE,28.0,14.1,18,100
14,3,2574808,WR,21.0,8.65,27,100
14,3,-16027,D/ST,0.0,4.39,3,100
14,3,3045147,RB,33.0,11.25,10,100
14,3,2508176,RB,0.0,0.0,31,100
14,3,13229,TE,11.0,13.15,2,100
14,3,16760,QB,19.0,14.79,13,100
14,3,15349,WR,15.0,10.51,22,100
14,3,3051909,K,2.0,7.96,3,100
14,3,-16001,D/ST,13.0,5.6,32,100
14,12,3918298,QB,34.0,22.3,20,100
14,12,3116385,RB,8.0,18.17,11,100
14,12,4036133,TE,0.0,0.0,4,100
14,12,3915511,QB,21.0,14.93,21,100
14,12,4035687,WR,0,0.0,0,100
14,12,-16002,D/ST,-4.0,3.56,1,100
14,12,3917232,K,9.0,7.22,12,100
14,12,4361579,RB,21.0,12.35,29,100
14,12,4048244,RB,2.0,5.49,25,100
14,12,4241416,RB,9.0,13.22,23,100
14,12,4036348,WR,11.0,11.14,28,100
14,12,13982,WR,7.0,10.36,26,100
14,12,2574576,TE,9.0,6.23,8,100
14,12,-16012,D/ST,25.0,5.24,17,100
14,10,3051392,RB,8.0,16.33,15,100
14,10,4242335,RB,0,0.0,0,100
14,10,3121422,WR,0.0,13.34,19,100
14,10,4241389,WR,14.0,15.38,28,100
14,10,4241479,QB,0,0.0,0,100
14,10,3925347,RB,0,0.0,0,100
14,10,3055899,K,14.0,8.01,24,100
14,10,4372016,WR,0,0.0,0,100
14,10,2573079,QB,0,0.0,0,100
14,10,4361411,TE,11.0,10.07,9,100
14,10,4362887,QB,17.0,14.59,21,100
14,10,-16018,D/ST,8.0,7.6,26,100
14,10,3125116,RB,13.0,9.67,18,100
14,10,3115378,WR,10.0,9.83,7,100
14,11,16800,WR,34.0,18.54,15,100
14,11,3116406,WR,11.0,18.69,5,100
14,11,14881,QB,20.0,14.89,24,100
14,11,4035538,RB,13.0,13.27,9,100
14,11,2330,QB,29.0,18.48,1,100
14,11,4241372,WR,9.0,14.12,6,100
14,11,15807,RB,13.0,14.44,5,100
14,11,13295,WR,3.0,9.58,22,100
14,11,3975763,K,11.0,8.37,26,100
14,11,-16006,D/ST,24.0,5.89,27,100
14,11,-16025,D/ST,8.0,5.7,15,100
14,11,16944,RB,11.0,10.7,17,100
14,11,4036131,TE,9.0,7.93,24,100
14,11,2573401,TE,0.0,0.0,2,100
14,5,2577417,QB,9.0,18.08,32,100
14,5,4262921,WR,20.0,18.97,8,100
14,5,14876,QB,15.0,14.53,25,100
14,5,3116165,WR,20.0,14.76,1,100
14,5,4241555,RB,0.0,0.0,21,100
14,5,4240600,WR,0.0,0.0,4,100
14,5,-16029,D/ST,2.0,6.34,29,100
14,5,3929630,RB,18.0,13.08,28,100
14,5,4360438,WR,18.0,11.36,16,100
14,5,3930066,WR,14.0,11.76,29,100
14,5,3915486,TE,4.0,8.46,10,100
14,5,4569173,RB,0,0.0,0,100
14,5,4249087,K,14.0,7.76,10,100
14,5,15971,RB,10.0,9.5,31,100
14,14,3917315,QB,17.0,19.06,3,100
14,14,2976212,WR,14.0,17.81,22,100
14,14,4242214,RB,18.0,11.32,30,100
14,14,4259545,RB,0.0,0.0,11,100
14,14,2976499,WR,16.0,13.37,28,100
14,14,3915416,WR,14.0,13.28,27,100
14,14,3930086,TE,19.0,10.23,20,100
14,14,3121023,TE,0,0.0,0,100
14,14,3135321,WR,28.0,13.34,18,100
14,14,2468609,QB,26.0,20.5,28,100
14,14,2980453,RB,0.0,0.0,11,100
14,14,-16009,D/ST,13.0,7.3,28,100
14,14,15965,K,13.0,6.85,27,100
14,14,3122976,RB,5.0,10.06,21,100
14,1,15847,TE,5.0,16.09,29,100
14,1,4360294,RB,3.0,16.01,3,100
14,1,15818,WR,0.0,0.0,13,100
14,1,3119195,RB,0.0,0.0,10,100
14,1,3059915,RB,3.0,10.72,8,100
14,1,3045144,WR,9.0,9.31,23,100
14,1,15072,WR,13.0,8.75,31,100
14,1,4239934,RB,7.0,9.65,14,100
14,1,4360310,QB,0.0,12.4,21,100
14,1,16339,K,10.0,7.57,32,100
14,1,5536,QB,24.0,15.82,27,100
14,1,2976592,WR,4.0,11.05,4,100
14,1,3115375,RB,12.0,9.08,30,100
14,1,-16033,D/ST,4.0,5.7,18,100
14,4,15795,WR,10.0,13.25,25,100
14,4,4038941,QB,24.0,20.15,8,100
14,4,3040151,TE,34.0,13.37,26,100
14,4,16737,WR,21.0,13.95,1,100
14,4,4039359,RB,0.0,0.0,7,100
14,4,3115364,RB,22.0,15.96,6,100
14,4,14880,QB,13.0,16.54,12,100
14,4,10621,K,0,0.0,0,100
14,4,4241464,QB,0,0.0,0,100
14,4,-16007,D/ST,9.0,6.18,21,100
14,4,-16015,D/ST,0,0,0,100
14,4,4040655,WR,2.0,12.26,16,100
14,4,11122,K,16.0,7.56,23,100
14,4,3025433,RB,13.0,5.74,5,100
15,4,4038941,QB,22.0,21.12,30,100
15,4,3040151,TE,15.0,14.16,12,100
15,4,16737,WR,2.0,13.68,14,100
15,4,4039359,RB,4.0,10.6,31,100
15,4,3115364,RB,13.0,16.18,1,100
15,4,14880,QB,10.0,17.16,19,100
15,4,10621,K,5.0,9.82,2,100
15,4,4241464,QB,16.0,13.1,16,100
15,4,-16007,D/ST,6.0,5.57,15,100
15,4,-16015,D/ST,10.0,8.84,26,100
15,4,4040655,WR,11.0,11.07,32,100
15,4,11122,K,6.0,7.39,32,100
15,4,3025433,RB,2.0,7.19,11,100
15,4,4036348,WR,6.0,11.22,13,100
15,10,3051392,RB,16.0,14.19,26,100
15,10,4242335,RB,23.0,21.44,19,100
15,10,3121422,WR,7.0,12.43,2,100
15,10,4241389,WR,11.0,14.04,13,100
15,10,4241479,QB,12.0,18.64,28,100
15,10,3925347,RB,0.0,0.0,4,100
15,10,3055899,K,8.0,7.68,29,100
15,10,4372016,WR,0.0,0.0,12,100
15,10,2573079,QB,5.0,13.49,2,100
15,10,4361411,TE,7.0,8.46,5,100
15,10,4362887,QB,16.0,16.52,27,100
15,10,3125116,RB,14.0,9.62,25,100
15,10,3115378,WR,23.0,11.64,23,100
15,10,-16030,D/ST,4.0,7.32,24,100
15,11,16800,WR,16.0,20.62,30,100
15,11,3116406,WR,32.0,18.12,4,100
15,11,14881,QB,4.0,15.33,3,100
15,11,4035538,RB,11.0,14.31,22,100
15,11,2330,QB,4.0,20.71,5,100
15,11,4241372,WR,14.0,14.75,16,100
15,11,15807,RB,3.0,16.3,11,100
15,11,3975763,K,5.0,8.05,21,100
15,11,-16006,D/ST,13.0,7.75,30,100
15,11,-16025,D/ST,10.0,6.65,29,100
15,11,16944,RB,3.0,12.95,9,100
15,11,4036131,TE,10.0,7.61,26,100
15,11,2573401,TE,0.0,0.0,25,100
15,11,3916148,RB,11.0,9.1,26,100
15,16,3116593,RB,10.0,20.57,14,100
15,16,3128720,RB,16.0,17.42,30,100
15,16,4040715,QB,26.0,20.67,32,100
15,16,4360248,TE,11.0,10.83,8,100
15,16,4239993,WR,4.0,14.37,10,100
15,16,4046692,WR,1.0,11.2,31,100
15,16,15683,K,6.0,7.85,6,100
15,16,-16022,D/ST,3.0,7.64,21,100
15,16,3042778,WR,0.0,0.0,11,100
15,16,16790,WR,0.0,0.0,5,100
15,16,2979477,RB,5.0,5.15,16,100
15,16,2565969,QB,0.0,0.0,15,100
15,16,3128721,RB,13.0,7.05,31,100
15,16,15837,QB,-3.0,8.24,7,100
15,14,3917315,QB,12.0,19.08,26,100
15,14,2976212,WR,13.0,14.57,7,100
15,14,4242214,RB,8.0,12.05,28,100
15,14,4259545,RB,0.0,0.0,7,100
15,14,2976499,WR,2.0,13.25,13,100
15,14,3915416,WR,12.0,12.42,1,100
15,14,3930086,TE,7.0,10.6,11,100
15,14,3121023,TE,20.0,9.63,21,100
15,14,3135321,WR,6.0,13.95,6,100
15,14,2468609,QB,9.0,18.59,20,100
15,14,2980453,RB,0.0,0.0,7,100
15,14,-16009,D/ST,-1.0,6.0,22,100
15,14,15965,K,4.0,7.09,3,100
15,14,3122976,RB,19.0,10.94,23,100
15,5,2577417,QB,10.0,16.89,8,100
15,5,4262921,WR,14.0,20.09,15,100
15,5,14876,QB,9.0,15.8,12,100
15,5,3116165,WR,10.0,17.88,14,100
15,5,4241555,RB,0.0,0.0,23,100
15,5,4240600,WR,0.0,0.0,19,100
15,5,-16029,D/ST,5.0,4.02,3,100
15,5,3929630,RB,9.0,12.96,3,100
15,5,4360438,WR,4.0,12.45,27,100
15,5,3930066,WR,5.0,9.93,9,100
15,5,3915486,TE,1.0,8.16,6,100
15,5,4569173,RB,4.0,12.65,4,100
15,5,4249087,K,10.0,8.36,14,100
15,5,15971,RB,5.0,7.08,18,100
15,17,3916387,QB,0.0,0.0,21,100
15,17,3042519,RB,14.0,12.9,8,100
15,17,12483,QB,15.0,19.0,13,100
15,17,4045163,RB,16.0,10.49,15,100
15,17,3932905,WR,9.0,16.19,31,100
15,17,4362628,WR,1.0,14.53,10,100
15,17,2576434,RB,6.0,11.42,21,100
15,17,3045138,WR,7.0,13.23,18,100
15,17,3116164,TE,9.0,9.96,26,100
15,17,12460,K,7.0,7.16,18,100
15,17,-16016,D/ST,13.0,5.96,28,100
15,17,3049916,RB,0.0,6.6,5,100
15,17,3052587,QB,0.0,0.0,18,100
15,17,3886818,RB,5.0,13.43,32,100
15,13,3068267,RB,17.0,18.64,20,100
15,13,2576925,TE,0.0,0.0,18,100
15,13,16460,WR,0.0,0.0,15,100
15,13,16733,WR,1.0,11.92,9,100
15,13,16731,WR,29.0,12.58,26,100
15,13,3126486,WR,18.0,18.15,27,100
15,13,16728,QB,4.0,13.28,13,100
15,13,-16017,D/ST,5.0,4.65,10,100
15,13,4371733,RB,0.0,1.47,15,100
15,13,4360234,K,13.0,7.15,11,100
15,13,3117256,TE,20.0,8.29,14,100
15,13,4040761,RB,16.0,11.66,5,100
15,13,3916566,WR,5.0,10.38,15,100
15,13,-16026,D/ST,6.0,2.89,12,100
15,3,3139477,QB,29.0,19.74,17,100
15,3,4047650,WR,11.0,14.85,25,100
15,3,4052042,RB,17.0,13.94,27,100
15,3,4047365,RB,12.0,15.48,17,100
15,3,3116365,TE,35.0,15.5,22,100
15,3,2574808,WR,8.0,8.64,1,100
15,3,-16027,D/ST,7.0,6.84,19,100
15,3,3045147,RB,8.0,12.18,29,100
15,3,2508176,RB,3.0,6.43,18,100
15,3,13229,TE,4.0,14.51,7,100
15,3,16760,QB,13.0,15.04,31,100
15,3,15349,WR,7.0,10.64,7,100
15,3,3051909,K,12.0,7.47,16,100
15,3,-16001,D/ST,0.0,3.9,10,100
15,1,15847,TE,41.0,15.57,31,100
15,1,4360294,RB,17.0,14.2,24,100
15,1,15818,WR,19.0,16.64,18,100
15,1,3119195,RB,5.0,11.39,29,100
15,1,3045144,WR,20.0,9.19,10,100
15,1,15072,WR,3.0,8.94,24,100
15,1,4239934,RB,10.0,8.72,8,100
15,1,16339,K,5.0,7.4,9,100
15,1,5536,QB,11.0,14.7,21,100
15,1,3115375,RB,1.0,9.46,28,100
15,1,2576623,WR,16.0,13.29,12,100
15,1,-16034,D/ST,12.0,5.69,30,100
15,1,4035671,QB,35.0,16.01,21,100
15,1,3059989,QB,9.0,13.58,18,100
16,8,3054850,RB,7.0,16.37,16,100
16,8,4241457,RB,15.0,16.26,20,100
16,8,8439,QB,20.0,18.49,9,100
16,8,2577327,WR,6.0,12.98,15,100
16,8,2977187,WR,20.0,24.74,32,100
16,8,4241478,WR,19.0,8.94,13,100
16,8,16757,QB,8.0,13.36,4,100
16,8,17372,K,3.0,7.56,3,100
16,8,13994,QB,4.0,10.68,20,100
16,8,15835,TE,13.0,10.04,28,100
16,8,-16024,D/ST,-5.0,7.2,24,100
16,8,3139925,RB,19.0,8.82,14,100
16,8,-16018,D/ST,8.0,5.15,25,100
16,8,13983,WR,4.0,10.56,21,100
16,10,3051392,RB,16.0,13.94,15,100
16,10,4242335,RB,10.0,19.65,7,100
16,10,3121422,WR,7.0,12.1,19,100
16,10,4241389,WR,10.0,15.89,28,100
16,10,4241479,QB,9.0,15.05,5,100
16,10,3055899,K,0.0,0.0,26,100
16,10,4372016,WR,25.0,13.67,14,100
16,10,2573079,QB,17.0,15.12,11,100
16,10,4361411,TE,0.0,0.0,15,100
16,10,4362887,QB,0.0,0.0,13,100
16,10,3115378,WR,5.0,11.69,19,100
16,10,-16030,D/ST,2.0,6.55,26,100
16,10,12537,TE,9.0,8.48,23,100
16,10,10636,K,6.0,7.92,16,100
16,12,3918298,QB,30.0,19.3,2,100
16,12,3116385,RB,31.0,16.22,8,100
16,12,3915511,QB,38.0,14.94,29,100
16,12,4035687,WR,16.0,13.11,29,100
16,12,-16002,D/ST,7.0,5.75,14,100
16,12,3917232,K,9.0,6.75,1,100
16,12,4361579,RB,9.0,13.51,30,100
16,12,-16021,D/ST,18.0,7.84,30,100
16,12,3895856,WR,11.0,13.2,21,100
16,12,4047646,WR,31.0,13.96,23,100
16,12,4048244,RB,15.0,16.59,10,100
16,12,3049899,K,11.0,6.91,32,100
16,12,3925347,RB,28.0,10.83,6,100
16,12,3046439,TE,1.0,7.55,2,100
16,11,16800,WR,33.0,20.73,6,100
16,11,3116406,WR,3.0,17.85,8,100
16,11,14881,QB,16.0,14.85,19,100
16,11,4035538,RB,23.0,14.81,31,100
16,11,2330,QB,14.0,18.71,10,100
16,11,4241372,WR,9.0,13.26,16,100
16,11,15807,RB,8.0,15.05,29,100
16,11,3975763,K,12.0,8.28,23,100
16,11,-16006,D/ST,26.0,6.96,27,100
16,11,-16025,D/ST,6.0,6.06,16,100
16,11,4036131,TE,6.0,7.6,29,100
16,11,2573401,TE,9.0,8.56,9,100
16,11,3916148,RB,6.0,9.36,15,100
16,11,3912550,RB,15.0,12.96,5,100
16,4,4038941,QB,16.0,21.44,24,100
16,4,3040151,TE,4.0,15.1,5,100
16,4,16737,WR,0.0,0.0,7,100
16,4,4039359,RB,1.0,9.27,22,100
16,4,3115364,RB,0.0,0.0,5,100
16,4,14880,QB,15.0,16.17,3,100
16,4,10621,K,3.0,8.98,5,100
16,4,4241464,QB,4.0,11.7,1,100
16,4,-16007,D/ST,9.0,5.27,17,100
16,4,-16015,D/ST,25.0,8.0,19,100
16,4,4040655,WR,10.0,12.21,9,100
16,4,11122,K,1.0,7.82,2,100
16,4,3025433,RB,3.0,7.02,29,100
16,4,4036348,WR,7.0,10.98,28,100
16,16,3116593,RB,0.0,0.0,10,100
16,16,3128720,RB,26.0,14.55,9,100
16,16,4040715,QB,15.0,19.94,8,100
16,16,4360248,TE,16.0,10.89,24,100
16,16,4239993,WR,43.0,12.64,30,100
16,16,4046692,WR,8.0,10.35,18,100
16,16,15683,K,3.0,6.41,9,100
16,16,-16022,D/ST,2.0,4.52,10,100
16,16,3042778,WR,0.0,0.0,26,100
16,16,16790,WR,9.0,12.69,16,100
16,16,2979477,RB,6.0,4.69,18,100
16,16,2565969,QB,4.0,13.85,7,100
16,16,3128721,RB,20.0,9.88,22,100
16,16,15837,QB,6.0,0.01,15,100
16,5,2577417,QB,31.0,17.89,32,100
16,5,4262921,WR,19.0,17.41,25,100
16,5,14876,QB,14.0,14.69,21,100
16,5,3116165,WR,0.0,0.0,7,100
16,5,4241555,RB,0.0,0.0,2,100
16,5,4240600,WR,6.0,9.06,2,100
16,5,-16029,D/ST,-2.0,3.25,1,100
16,5,3929630,RB,4.0,12.88,24,100
16,5,4360438,WR,14.0,11.69,31,100
16,5,3930066,WR,1.0,9.21,32,100
16,5,3915486,TE,8.0,7.91,15,100
16,5,4569173,RB,0.0,0.0,6,100
16,5,4249087,K,12.0,7.81,30,100
16,5,15971,RB,28.0,8.95,28,100
16,13,3068267,RB,0.0,0.0,27,100
16,13,2576925,TE,0.0,0.0,4,100
16,13,16460,WR,7.0,14.86,25,100
16,13,16733,WR,13.0,11.16,32,100
16,13,16731,WR,0.0,0.0,4,100
16,13,3126486,WR,27.0,17.41,31,100
16,13,16728,QB,0.0,0.0,18,100
16,13,-16017,D/ST,-4.0,4.37,3,100
16,13,4371733,RB,1.0,1.6,26,100
16,13,4360234,K,10.0,7.73,6,100
16,13,3117256,TE,22.0,9.91,21,100
16,13,4040761,RB,17.0,13.18,19,100
16,13,3916566,WR,17.0,5.48,25,100
16,13,-16026,D/ST,4.0,6.33,28,100
16,14,3917315,QB,20.0,19.89,16,100
16,14,2976212,WR,21.0,14.57,3,100
16,14,4242214,RB,9.0,11.65,25,100
16,14,4259545,RB,0.0,0.0,23,100
16,14,2976499,WR,21.0,11.92,28,100
16,14,3915416,WR,10.0,13.42,22,100
16,14,3930086,TE,9.0,10.47,1,100
16,14,3121023,TE,4.0,9.95,14,100
16,14,3135321,WR,13.0,13.46,10,100
16,14,2468609,QB,0.0,0.0,6,100
16,14,2980453,RB,7.0,8.7,23,100
16,14,-16009,D/ST,10.0,5.99,18,100
16,14,15965,K,12.0,6.37,19,100
16,14,3122976,RB,14.0,12.29,2,100
16,1,15847,TE,0.0,0.0,10,100
16,1,4360294,RB,12.0,15.99,3,100
16,1,15818,WR,7.0,16.5,24,100
16,1,3119195,RB,26.0,13.56,4,100
16,1,3045144,WR,17.0,9.65,30,100
16,1,15072,WR,15.0,8.97,12,100
16,1,4239934,RB,8.0,8.85,17,100
16,1,16339,K,9.0,7.03,24,100
16,1,5536,QB,6.0,13.87,30,100
16,1,3115375,RB,11.0,7.87,25,100
16,1,2576623,WR,0.0,12.46,14,100
16,1,-16034,D/ST,9.0,3.03,6,100
16,1,4035671,QB,0.0,0.0,13,100
16,1,3059989,QB,0.0,0.0,21,100
16,3,3139477,QB,22.0,19.81,12,100
16,3,4047650,WR,12.0,13.24,15,100
16,3,4052042,RB,1.0,15.68,32,100
16,3,4047365,RB,11.0,13.47,11,100
16,3,3116365,TE,26.0,15.03,26,100
16,3,2574808,WR,10.0,9.16,22,100
16,3,-16027,D/ST,15.0,7.28,32,100
16,3,3045147,RB,0.0,0.0,4,100
16,3,13229,TE,3.0,14.87,11,100
16,3,16760,QB,12.0,13.78,21,100
16,3,15349,WR,0.0,0.0,3,100
16,3,3051909,K,6.0,7.14,11,100
16,3,13934,WR,20.0,13.78,0,100
16,3,4374302,WR,25.0,11.85,27,100
16,17,3916387,QB,0.0,0.0,13,100
16,17,3042519,RB,13.0,13.93,17,100
16,17,12483,QB,5.0,19.81,27,100
16,17,4045163,RB,5.0,13.19,26,100
16,17,3932905,WR,15.0,16.06,18,100
16,17,4362628,WR,19.0,12.92,30,100
16,17,2576434,RB,1.0,11.87,30,100
16,17,3045138,WR,0.0,0.0,24,100
16,17,3116164,TE,5.0,9.84,7,100
16,17,12460,K,6.0,7.53,4,100
16,17,3049916,RB,0.0,0.0,19,100
16,17,3052587,QB,9.0,13.84,21,100
16,17,3886818,RB,2.0,10.94,1,100
16,17,-16023,D/ST,-2.0,3.49,4,100
17,12,3918298,QB,20.0,24.02,31,100
17,12,3116385,RB,15.0,15.36,20,100
17,12,3915511,QB,34.0,16.18,30,100
17,12,4035687,WR,10.0,12.08,5,100
17,12,-16002,D/ST,10.0,7.17,29,100
17,12,4361579,RB,4.0,13.95,28,100
17,12,3895856,WR,13.0,13.06,19,100
17,12,4047646,WR,6.0,14.75,11,100
17,12,4048244,RB,5.0,2.76,9,100
17,12,3925347,RB,17.0,10.4,18,100
17,12,3051738,WR,1.0,9.56,32,100
17,12,3917232,K,3.0,7.41,13,100
17,12,2573079,QB,10.0,14.81,18,100
17,12,4258595,TE,5.0,8.04,14,100
17,10,3051392,RB,3.0,13.65,7,100
17,10,4242335,RB,17.0,23.48,30,100
17,10,3121422,WR,13.0,11.02,2,100
17,10,4241389,WR,8.0,15.55,29,100
17,10,4241479,QB,4.0,14.0,21,100
17,10,3055899,K,7.0,7.64,9,100
17,10,4372016,WR,7.0,15.65,31,100
17,10,4361411,TE,7.0,8.05,18,100
17,10,4362887,QB,0.0,0.0,8,100
17,10,3115378,WR,8.0,11.31,1,100
17,10,10636,K,13.0,7.67,30,100
17,10,-16003,D/ST,21.0,6.44,30,100
17,10,4383351,QB,18.0,15.82,24,100
17,10,3843945,TE,1.0,9.77,28,100
17,8,3054850,RB,20.0,16.59,5,100
17,8,4241457,RB,28.0,17.45,17,100
17,8,8439,QB,19.0,18.61,27,100
17,8,2577327,WR,11.0,12.86,19,100
17,8,2977187,WR,21.0,25.98,30,100
17,8,4241478,WR,8.0,10.73,28,100
17,8,16757,QB,10.0,14.33,16,100
17,8,17372,K,17.0,7.68,16,100
17,8,13994,QB,0.0,3.2,5,100
17,8,15835,TE,11.0,11.71,19,100
17,8,-16024,D/ST,12.0,5.58,23,100
17,8,3139925,RB,32.0,11.5,29,100
17,8,-16018,D/ST,17.0,7.96,32,100
17,8,13983,WR,10.0,8.71,19,100
17,11,16800,WR,30.0,21.06,32,100
17,11,3116406,WR,10.0,16.26,16,100
17,11,14881,QB,27.0,14.85,26,100
17,11,4035538,RB,19.0,17.14,26,100
17,11,2330,QB,26.0,21.76,28,100
17,11,4241372,WR,3.0,13.92,25,100
17,11,15807,RB,6.0,11.64,6,100
17,11,3975763,K,6.0,6.92,6,100
17,11,-16006,D/ST,0.0,5.61,8,100
17,11,-16025,D/ST,10.0,7.53,24,100
17,11,4036131,TE,21.0,9.27,31,100
17,11,2573401,TE,12.0,8.75,30,100
17,11,3916148,RB,7.0,9.09,7,100
17,11,3912550,RB,3.0,13.6,32,100
17,4,4038941,QB,17.0,19.11,4,100
17,4,3040151,TE,3.0,11.99,23,100
17,4,16737,WR,14.0,11.47,12,100
17,4,4039359,RB,0.0,0.0,8,100
17,4,3115364,RB,0.0,0.0,32,100
17,4,14880,QB,0.0,0.0,21,100
17,4,10621,K,8.0,8.28,28,100
17,4,4241464,QB,22.0,13.01,25,100
17,4,-16007,D/ST,-1.0,3.45,6,100
17,4,-16015,D/ST,0.0,6.88,16,100
17,4,4040655,WR,19.0,11.08,13,100
17,4,11122,K,15.0,6.72,18,100
17,4,3025433,RB,12.0,6.48,6,100
17,4,4036348,WR,12.0,10.68,29,100
17,16,3116593,RB,4.0,17.0,9,100
17,16,3128720,RB,5.0,15.99,25,100
17,16,4040715,QB,12.0,20.56,32,100
17,16,4360248,TE,8.0,11.35,2,100
17,16,4239993,WR,9.0,15.13,18,100
17,16,4046692,WR,4.0,8.81,6,100
17,16,15683,K,15.0,7.79,23,100
17,16,-16022,D/ST,3.0,4.24,2,100
17,16,3042778,WR,0.0,0.0,22,100
17,16,16790,WR,8.0,11.11,8,100
17,16,2979477,RB,0.0,0.0,13,100
17,16,2565969,QB,8.0,11.75,15,100
17,16,3128721,RB,18.0,12.86,8,100
17,16,15837,QB,-7.0,7.66,19,100
17,14,3917315,QB,22.0,17.35,7,100
17,14,2976212,WR,10.0,15.15,27,100
17,14,4242214,RB,0.0,0.0,21,100
17,14,4259545,RB,5.0,13.42,31,100
17,14,2976499,WR,10.0,13.35,29,100
17,14,3915416,WR,5.0,14.03,14,100
17,14,3930086,TE,0.0,10.74,12,100
17,14,3121023,TE,13.0,10.9,21,100
17,14,3135321,WR,20.0,13.26,21,100
17,14,2468609,QB,16.0,16.78,10,100
17,14,2980453,RB,13.0,4.84,31,100
17,14,-16009,D/ST,7.0,6.65,6,100
17,14,15965,K,10.0,7.33,11,100
17,14,3122976,RB,0.0,1.62,27,100
17,5,2577417,QB,23.0,17.55,11,100
17,5,4262921,WR,11.0,18.22,16,100
17,5,14876,QB,12.0,12.65,6,100
17,5,3116165,WR,0.0,0.0,12,100
17,5,4241555,RB,20.0,12.64,27,100
17,5,4240600,WR,0.0,0.0,15,100
17,5,-16029,D/ST,4.0,5.93,19,100
17,5,3929630,RB,10.0,11.83,14,100
17,5,4360438,WR,13.0,8.33,24,100
17,5,3930066,WR,10.0,9.31,30,100
17,5,3915486,TE,9.0,7.43,22,100
17,5,4569173,RB,22.0,6.86,18,100
17,5,4249087,K,1.0,7.98,6,100
17,5,15971,RB,13.0,9.23,11,100
17,3,3139477,QB,20.0,20.25,13,100
17,3,4047650,WR,30.0,13.23,19,100
17,3,4052042,RB,0.0,0.0,19,100
17,3,4047365,RB,17.0,13.69,4,100
17,3,3116365,TE,14.0,16.63,15,100
17,3,2574808,WR,3.0,10.45,14,100
17,3,-16027,D/ST,2.0,8.41,26,100
17,3,3045147,RB,0.0,0.0,3,100
17,3,13229,TE,18.0,14.41,26,100
17,3,16760,QB,0.0,0.0,24,100
17,3,15349,WR,6.0,10.18,27,100
17,3,3051909,K,13.0,7.03,2,100
17,3,13934,WR,5.0,14.69,0,100
17,3,4374302,WR,35.0,13.76,9,100
17,13,3068267,RB,19.0,16.78,11,100
17,13,2576925,TE,0.0,0.0,28,100
17,13,16460,WR,0.0,0.0,16,100
17,13,16733,WR,14.0,11.4,30,100
17,13,16731,WR,19.0,14.52,23,100
17,13,3126486,WR,16.0,15.18,24,100
17,13,16728,QB,0.0,0.0,17,100
17,13,-16017,D/ST,13.0,7.08,30,100
17,13,4371733,RB,0.0,3.74,15,100
17,13,4360234,K,11.0,8.13,3,100
17,13,3117256,TE,11.0,10.85,2,100
17,13,4040761,RB,23.0,13.85,23,100
17,13,3916566,WR,14.0,9.49,16,100
17,13,-16026,D/ST,4.0,6.34,21,100
17,17,3916387,QB,0.0,0.0,3,100
17,17,3042519,RB,15.0,14.94,22,100
17,17,12483,QB,14.0,18.12,29,100
17,17,4045163,RB,0.0,0.0,15,100
17,17,3932905,WR,17.0,14.05,6,100
17,17,4362628,WR,55.0,13.56,18,100
17,17,2576434,RB,9.0,10.67,28,100
17,17,3045138,WR,15.0,11.39,10,100
17,17,3116164,TE,9.0,9.78,5,100
17,17,12460,K,3.0,6.76,21,100
17,17,3049916,RB,0.0,0.0,23,100
17,17,3052587,QB,12.0,13.92,12,100
17,17,3886818,RB,2.0,6.01,2,100
17,17,-16023,D/ST,16.0,5.45,18,100
17,1,15847,TE,13.0,16.13,26,100
17,1,4360294,RB,0.0,0.0,24,100
17,1,15818,WR,14.0,16.05,10,100
17,1,3119195,RB,12.0,16.31,3,100
17,1,3045144,WR,13.0,10.78,18,100
17,1,15072,WR,6.0,8.55,3,100
17,1,4239934,RB,22.0,8.98,22,100
17,1,16339,K,9.0,7.23,29,100
17,1,5536,QB,6.0,13.26,9,100
17,1,3115375,RB,24.0,12.57,21,100
17,1,2576623,WR,8.0,11.09,31,100
17,1,-16034,D/ST,0.0,4.71,10,100
17,1,4035671,QB,10.0,18.67,3,100
17,1,3059989,QB,0.0,0.0,12,100
